country_code,latest_gdp,avg_shock_growth,speed_2008,quality_2008,speed_2020,quality_2020,avg_employment,avg_dependency,avg_inflation,cluster,cluster_name
ABW,44558.93,-4.75098077124513,11.0,88.28093526359372,3.0,105.83097974855792,,45.86449477220713,2.512885729108538,,
AFG,1983.8126,-2.3114549033632845,1.0,127.91651761915564,,67.77063757902054,41.221916666666665,99.44773974534263,6.8204165793478415,,
AGO,8901.888,-0.8380337704382818,1.0,105.7489228835392,,91.0888368597424,64.17368571428572,92.07058744713187,319.6228237812756,,
ALB,21641.074,4.992415173209755,1.0,118.41715948224328,1.0,122.1931815951287,50.45167142857143,53.050030517470496,14.550888580244083,0.0,Resilient Emerging
AND,65928.305,-4.608143830551817,16.0,92.27325821754796,2.0,102.23898892525456,,37.67734739615312,,,
ARE,69701.805,-6.1181907526416,,83.95261285737735,,96.45287743688566,74.84934285714286,27.228035831916824,3.207674630385364,,
ARG,26771.965,-1.0223249431250574,2.0,109.5904369441292,2.0,102.25630148579664,54.42138571428571,58.370466408437075,96.84956997404862,0.0,Resilient Emerging
ARM,20078.785,-1.8257839186465623,3.0,100.8379600451387,2.0,119.6566218696347,53.92801428571428,50.971470955963795,266.389327374158,0.0,Resilient Emerging
ATG,29371.639,-6.615852910045494,,75.27061142833253,,96.02784486087768,,49.01257469852502,2.629487957241735,,
AUS,60303.98,0.48723153737400277,1.0,103.08498835593788,1.0,104.54161207664949,60.59321428571428,50.415984263924734,2.768953438312442,0.0,Resilient Emerging
AUT,63788.08,-1.2354293494620083,3.0,101.32517933002828,2.0,99.88689257557436,56.335457142857145,48.89343764098684,2.4573095720103786,2.0,Struggling Developed
AZE,22072.148,3.928691834157447,1.0,116.7037561420997,1.0,106.01570271500248,63.852671428571426,49.08550807806679,125.94659314897615,0.0,Resilient Emerging
BDI,1051.2593,-0.6944225103971052,4.0,99.9726261331621,,97.941018201142,79.3804,99.03698750833368,11.47712793245311,,
BEL,63347.785,-0.6051091579188761,6.0,99.30127093019624,1.0,104.3244477424322,48.553757142857144,53.005475870294674,2.2552146952711363,2.0,Struggling Developed
BEN,3901.326,1.6515707356432847,1.0,100.10534463727096,1.0,113.41340616165036,71.89752857142858,90.47973235208958,3.884884146701991,0.0,Resilient Emerging
BFA,2547.6724,1.6809981549877477,1.0,112.006036732192,1.0,103.95855986135103,76.95238571428573,94.23452517411395,3.0116231158475584,0.0,Resilient Emerging
BGD,8486.785,4.422126892966711,1.0,120.60205621328625,1.0,120.53239345418748,56.02872857142857,65.12492656966855,6.477901566543873,0.0,Resilient Emerging
BGR,34221.53,2.636278319587274,1.0,109.20134980155416,1.0,113.46060793117869,47.29407142857143,49.88666512258571,56.47523573517862,0.0,Resilient Emerging
BHR,58891.832,-1.7423392527239319,3.0,100.75957402017414,2.0,101.88536872977532,67.55984285714287,38.191587448063466,1.463856907512247,2.0,Struggling Developed
BHS,36244.05,-2.9843715100753485,16.0,90.88905679191988,2.0,106.08020663510476,65.68072857142857,48.80729235521915,2.2332597050602634,2.0,Struggling Developed
BIH,20527.693,3.356695356594355,1.0,111.70949861200666,1.0,116.29909673095896,39.66615714285714,46.992290682401965,2.193187416307119,0.0,Resilient Emerging
BLR,29040.973,3.5169006894436277,1.0,126.89934884349152,1.0,103.67037802410704,56.78067142857143,46.76855307085355,178.85989395994193,0.0,Resilient Emerging
BLZ,12621.408,-1.340294965461788,,89.73703263965494,2.0,105.14223428147687,54.489514285714286,68.89736622481367,1.9855968501765322,,
BMU,109311.94,-2.846053354459219,,85.92889928450387,2.0,107.88571640344756,,45.16500006332999,,,
BOL,11329.151,0.2862659055104104,1.0,112.48532484540756,,97.36182033299036,68.398,68.865884417024,5.914997630573049,,
BRA,19652.365,0.8895779387288637,1.0,113.30382181070942,1.0,105.88941295785068,59.076100000000004,50.335128282931635,245.41081758804654,0.0,Resilient Emerging
BRB,21837.725,-5.041991546115845,,91.5377585640937,3.0,102.80014267542656,59.76978571428572,49.18330957296027,3.5352775435994155,,
BRN,79071.734,-2.962769305028737,,93.30978737319982,,95.49851324023884,62.583971428571424,44.92611734959057,0.9531178022425124,,
BTN,14610.296,0.6761613246719451,1.0,130.7455213927398,3.0,100.37861414088228,66.10108823529411,61.3394155735049,6.484498978315858,3.0,Resilient Low-Income
BWA,18068.506,-3.6185182766654282,5.0,96.12930004692674,2.0,104.56461694210928,49.57501428571429,68.02307255730301,7.8232645085654475,2.0,Struggling Developed
CAF,1111.2194,1.9388537339417748,1.0,118.10711727014125,,98.91544426509016,68.60457142857142,95.82041905604963,3.8956243382766655,,
CAN,56706.824,-1.2026401833229616,4.0,99.84983221284574,2.0,99.88467599456014,60.72642857142858,47.38724334466358,2.2213739291994914,2.0,Struggling Developed
CHE,82286.18,-0.02503114826945252,2.0,100.76323877484946,1.0,103.39034155938629,64.6017,48.5063322910822,1.116673016934726,2.0,Struggling Developed
CHL,30182.787,1.1225912996812806,1.0,110.8719774475004,1.0,104.76687751508008,53.57642857142857,49.5983758220076,6.041848180853628,0.0,Resilient Emerging
CHN,23845.62,7.134934812859466,1.0,142.31871955532242,1.0,120.5444017097514,68.89547142857143,43.631410498666945,3.6549978660705458,0.0,Resilient Emerging
CIV,6747.038,1.5957650298848018,1.0,100.44295171802024,1.0,110.6197260367855,63.040371428571426,89.24691343353186,3.5382652507639287,0.0,Resilient Emerging
CMR,4916.9336,-0.5441072504574124,3.0,100.12162359716255,4.0,99.85448622084157,72.26975714285715,89.62600238557867,3.3747289631415023,3.0,Resilient Low-Income
COD,1602.075,0.5838821640630626,1.0,110.51654256079722,1.0,111.79936743447604,66.34551428571429,94.6587889105031,1001.6752433661461,0.0,Resilient Emerging
COG,6181.4707,0.06770474412481053,1.0,115.13859595931017,,88.9459488319471,54.31317142857143,81.75251142658688,3.0894537266214837,,
COL,18477.215,0.7749417117763728,1.0,111.51847862911072,1.0,106.03472815093424,58.640814285714285,53.1645249134391,10.173378122344353,0.0,Resilient Emerging
COM,3482.535,0.24916169926662568,1.0,107.12583642667332,4.0,99.50688432307916,43.16972857142857,91.30150021887319,3.598742843110221,3.0,Resilient Low-Income
CPV,9848.953,-2.691752994231547,1.0,108.25097891634027,3.0,101.2822184395108,50.625414285714285,71.32316557293082,3.4383112745034157,3.0,Resilient Low-Income
CRI,26973.436,0.897941987643533,1.0,108.51737551006352,1.0,111.19139861046432,55.5116,53.00535982583386,9.140027439775226,0.0,Resilient Emerging
CUW,28762.059,-3.113884760554164,,97.65335013583352,4.0,96.3651482767274,,48.97163765850571,2.045365636695476,,
CYM,79675.86,-4.272579131236784,,81.32098411012855,3.0,102.83829335321369,,31.477196055868685,2.021590045089843,,
CYP,52635.582,0.42468459954937465,11.0,94.04188669480654,1.0,113.19865377939628,59.21422857142857,44.81721853608266,2.459222857615,2.0,Struggling Developed
CZE,47963.9,-0.7945808488143635,3.0,100.19974257241056,1.0,99.570369639301,56.86554285714286,47.599645437610974,6.537175047160995,2.0,Struggling Developed
DEU,62554.555,-1.1422929840554792,3.0,105.5175937975991,2.0,100.30230213108722,55.36095714285714,50.528560785326306,2.1048453463733545,2.0,Struggling Developed
DJI,6871.1245,1.302413821874221,,,1.0,112.07328649846858,23.6585,57.281016447594595,2.2479007236464095,,
DMA,18739.363,-0.8503803614957004,1.0,105.5223091451608,3.0,103.73900205874943,,57.32062522446313,1.8979785801168678,,
DNK,71431.29,-0.6271560324895202,8.0,95.47908686172542,1.0,103.3482806201026,60.509685714285716,52.39071506754376,1.9709920041896578,2.0,Struggling Developed
DOM,24229.889,1.4197973032056665,1.0,110.92819798819636,1.0,108.53656472919316,55.49684285714286,60.630165382934265,9.999799720560233,0.0,Resilient Emerging
DZA,15501.92,-1.136934745059337,2.0,103.73575020324591,4.0,99.7376506485638,35.59894285714286,59.66408835355568,8.4225617551756,3.0,Resilient Low-Income
ECU,13935.539,0.6028749276006966,1.0,113.66091770687044,2.0,103.4067292076004,61.997328571428575,61.38977111562897,17.17625591656199,0.0,Resilient Emerging
EGY,16798.152,2.8831648245856933,1.0,111.03734796943748,1.0,111.079169907593,41.659371428571426,66.41972554424493,11.049811156441306,0.0,Resilient Emerging
ESP,48460.293,-2.5860358983681717,9.0,93.31266430963272,3.0,100.90876023836192,46.3552,47.93821433453273,2.9002936039533416,2.0,Struggling Developed
EST,41189.668,-3.567836819749926,7.0,90.1812852135614,1.0,97.79638579443927,56.592971428571424,51.743832583735546,45.599269479667875,2.0,Struggling Developed
ETH,2892.2222,4.865755716220726,1.0,134.5663720819483,1.0,113.12520803676664,76.56074285714287,91.6372403668717,13.14112648626005,0.0,Resilient Emerging
FIN,56123.15,-2.0913899872500084,,96.05693045765142,2.0,98.82013242920328,54.49472857142857,53.439690793272916,1.928694395357341,,
FJI,13592.464,-5.777728911253616,2.0,103.6020942300117,3.0,101.06058892042488,56.01488571428571,58.17967418314516,3.3483413858925215,3.0,Resilient Low-Income
FRA,54799.348,-1.1848883076069292,6.0,99.85625162674148,2.0,101.58688668009827,50.24557142857143,56.000177059000364,1.7855044013088006,2.0,Struggling Developed
FRO,72059.58,-1.4963784920252412,,,1.0,105.39125602874218,,60.321517488186224,,,
FSM,3824.1523,0.12168548614515384,1.0,106.438634815173,1.0,96.81381279895837,,71.7703625502698,2.6048470678989792,,
GAB,18923.662,-3.630084790148239,5.0,96.96844507486554,,95.94701377622528,39.89888571428571,77.66000746694827,2.5985830268784644,,
GBR,52621.18,-2.046330597463985,7.0,95.34102643509516,2.0,100.14662286413332,57.8712,54.3864221217922,2.811524140454042,2.0,Struggling Developed
GEO,24883.908,1.1630915521286505,2.0,116.2900006188919,1.0,124.2133340078122,60.780028571428566,52.701877455532475,571.2198323831982,0.0,Resilient Emerging
GHA,7055.625,2.5612626724266425,1.0,127.58619995275706,1.0,104.61400771138572,65.82567142857144,77.95524833491753,19.44758888459607,0.0,Resilient Emerging
GIN,4016.3418,0.7931861848089139,2.0,103.33991236970935,1.0,109.76430840140436,56.70068571428571,90.76721540444315,11.909286812074617,0.0,Resilient Emerging
GMB,3057.684,1.9635305273632053,1.0,98.156817198417,1.0,107.73504625691244,43.870828571428575,91.4680261119418,6.741982743403972,0.0,Resilient Emerging
GNB,2744.2798,1.2710450082624003,1.0,110.28842062146184,1.0,110.3054424280479,61.68268571428571,87.89067704895103,12.699166697583994,0.0,Resilient Emerging
GNQ,15454.429,0.09673621313720726,1.0,96.6277410668689,,85.04680973049113,55.80088571428571,77.1265257734747,4.701726329865516,,
GRC,37474.28,-0.8988481893987403,,81.12331843103377,1.0,109.54476871301613,44.22188571428572,52.17422068371059,4.750128905321281,,
GRD,17751.51,-3.985951166901941,7.0,93.19412348756096,3.0,100.33010669301883,,57.493684984335985,2.111114281817845,,
GRL,71037.54,2.1470331437283083,1.0,107.76502539319462,1.0,103.65156052872004,,43.67413207314492,,,
GTM,12640.888,0.7574099156852753,2.0,102.65310699915663,1.0,108.01099597545064,61.62314285714285,79.41329745900325,8.194181679754596,0.0,Resilient Emerging
GUY,70516.72,17.102815348816335,1.0,117.15593623317314,1.0,367.9361834748973,49.634257142857145,61.73271944355523,9.941200447342203,1.0,Outlier
HKG,66153.98,0.01763501268829404,2.0,109.03079697352392,1.0,98.54137279415538,57.94522857142857,39.41555721210255,3.0693740628429182,0.0,Resilient Emerging
HND,6585.8555,-0.6176437458359052,3.0,100.4857685640389,2.0,103.2544760799736,59.57848571428571,74.78468754797892,10.133039682011352,0.0,Resilient Emerging
HRV,42829.2,0.35973671783404226,8.0,94.3000719804591,1.0,117.6447896454872,46.83531428571428,50.547831136945426,87.676529154895,2.0,Struggling Developed
HTI,2809.6453,-0.5771065108964856,1.0,101.90220088063614,,87.42830439726349,56.92957142857143,70.7356533663277,17.07689424999089,,
HUN,40686.934,-0.4649828917327985,6.0,97.83450085810988,1.0,107.0907813348154,49.894085714285715,48.25250448412668,10.071350575989873,2.0,Struggling Developed
IDN,14470.4375,2.0098362783822656,1.0,118.8723203336792,2.0,108.87450290156168,63.27265714285715,53.68872442310031,8.311034598449837,0.0,Resilient Emerging
IND,9818.043,2.5070039104156416,1.0,119.86104286690218,1.0,117.29695974622636,52.216699999999996,60.05972835637831,7.108884934903369,0.0,Resilient Emerging
IRL,119037.734,1.9970714732434776,7.0,89.95305990619188,1.0,122.30003873560268,57.77328571428571,51.7107803457726,2.2097684151278787,2.0,Struggling Developed
IRN,17484.133,1.4281457540090692,2.0,104.66182472837929,1.0,114.84893109158196,38.75651428571429,55.424785046729816,22.340309114647862,0.0,Resilient Emerging
IRQ,12725.043,-2.252819495562738,1.0,113.02554788104015,,88.54543107163038,37.611371428571424,82.10636421079333,47.38018893802571,,
ISL,67310.055,-3.3715863436638935,8.0,90.2654410864466,2.0,105.07812291510588,72.32605714285714,51.87226268742053,4.752538150354623,2.0,Struggling Developed
ISR,47338.844,1.0201407420456527,1.0,107.59275397635048,1.0,106.60899162666628,57.5927,63.765967126807936,4.448097918000638,0.0,Resilient Emerging
ITA,53265.004,-1.6413095229447507,15.0,93.79270440757128,1.0,106.39898105538208,43.82952857142857,51.43671006576228,2.655195383701124,2.0,Struggling Developed
JAM,11340.264,-2.271254707132503,10.0,93.50468686867166,2.0,105.38480462765148,61.70055714285714,54.6946999251135,13.842900022563006,2.0,Struggling Developed
JOR,9520.251,1.606229013081892,1.0,108.0311752256234,3.0,100.9993780499319,32.97025714285714,68.37135096275007,3.5399978200538342,3.0,Resilient Low-Income
JPN,46106.92,-1.9174907434794801,5.0,97.1200347748774,2.0,102.5211872506059,59.30615714285714,55.61498593747026,0.6424916329926559,2.0,Struggling Developed
KAZ,35973.965,0.3281766848953259,1.0,114.76228049159994,2.0,104.21951810622852,65.69124285714285,53.89157386268205,198.92506791661071,0.0,Resilient Emerging
KEN,5845.201,0.2071383550521526,2.0,104.6315381866564,1.0,110.05687400560014,69.70354285714285,86.61995585539599,10.202173741124335,0.0,Resilient Emerging
KGZ,7048.9897,0.8660777560899195,1.0,111.71687272263028,2.0,108.01914119878404,60.92362857142858,63.7627506808736,44.081224638060185,0.0,Resilient Emerging
KHM,7008.889,1.2297415061726187,1.0,118.5547846497635,2.0,103.82092408222508,80.59128571428572,71.08856229477068,19.10337455961581,0.0,Resilient Emerging
KIR,3257.1362,-0.7970137383090075,5.0,94.04912819958832,1.0,107.2792423912324,,70.8585254591492,2.5776185465664385,,
KNA,30656.441,-1.779382068701865,1.0,108.78679402461506,,97.15787790459396,,51.86477072634199,2.356993625478822,,
KOR,55070.938,1.609557562161862,1.0,112.30616200747214,1.0,108.51255914061508,59.594628571428565,39.27509859349147,3.42193585820119,0.0,Resilient Emerging
KWT,46137.47,-4.062437585450671,,81.59131276395173,,92.98715888054736,67.78271428571429,39.601170823947825,3.1116543004645028,,
LAO,8600.324,3.0447020912532348,1.0,128.0776985268173,1.0,103.6764196884936,60.6914,73.43435365168277,13.967284368750345,0.0,Resilient Emerging
LBN,11330.269,-2.84040751520721,1.0,124.47095239400004,,72.3536590988537,40.98070588235294,56.484904001617174,29.113690208132738,,
LBR,1646.0586,0.686381257195845,1.0,112.58234124430892,2.0,102.6118779265914,75.03197142857144,84.63505036361823,7.893400001113756,0.0,Resilient Emerging
LBY,12583.834,-3.086546909369762,,47.90792637163873,,87.0225809844547,38.29748571428571,57.224361933598765,5.544433090380868,,
LCA,24252.469,-3.080491589977827,1.0,104.23215035378112,2.0,102.92676902811507,53.95285714285714,53.72846771387361,2.4538613231137676,0.0,Resilient Emerging
LKA,13752.837,1.5289905674646251,1.0,125.6000947220715,,88.98370507856427,49.87262857142857,51.57708401968401,9.609471591506889,,
LSO,2640.2854,-1.323854642072117,1.0,111.29430594409692,,93.60120902046036,56.1829,74.0993191759087,7.500000503974996,,
LTU,47165.367,-0.9259567845924437,4.0,99.55729799825151,1.0,107.19279108113162,53.99485714285714,50.86875571200748,59.96031727816251,2.0,Struggling Developed
LUX,128475.28,-0.9791210656928366,,93.65969951824358,1.0,97.98392537940362,53.534299999999995,46.39629556585086,2.186970303314073,,
LVA,37611.67,-2.9880310645072568,7.0,86.01467876139182,1.0,105.87797244363138,52.72255714285715,51.358817564989074,36.1566834525461,2.0,Struggling Developed
MAC,111693.5,-7.581752850510082,1.0,151.03603589592657,,78.54038574671746,64.4891142857143,35.72663265762554,2.137705391764627,,
MAR,9162.747,1.3789149685527997,1.0,113.34024097518918,3.0,101.67852470114651,43.59431428571428,58.276101084573384,2.605757578161129,3.0,Resilient Low-Income
MDA,16376.611,2.6291691775842283,1.0,115.38679324762045,1.0,109.36472898331468,60.584671428571426,48.64461689997858,77.94558261711208,0.0,Resilient Emerging
MDG,1657.0497,-2.6429565119572143,,93.23948890332368,,95.41110466694168,82.70308571428572,87.23107028386615,10.965896709875208,,
MDV,23034.41,-1.8506342997952565,3.0,100.81317315627778,3.0,102.18501043810386,52.3311,59.96347340442015,4.855237618200803,3.0,Resilient Low-Income
MEX,22039.629,-2.9837186276637753,7.0,96.9450206067878,3.0,100.98166316857034,57.67062857142857,59.72864590096181,9.22965995841391,3.0,Resilient Low-Income
MHL,7209.2666,0.44622629672608194,2.0,100.86924230292016,1.0,106.19101191887552,,77.19165680582134,2.6174285946301055,,
MKD,24203.285,2.0774415772772477,1.0,113.77799776125724,1.0,107.75645214826592,38.333371428571425,48.720452312272464,79.38573091406415,0.0,Resilient Emerging
MLI,2916.1853,-0.43761815967329754,1.0,104.26873857040708,4.0,98.08847325719788,68.48662857142858,100.03029030543007,2.7600138357027872,3.0,Resilient Low-Income
MLT,62700.496,2.200358370641595,1.0,107.88739649132675,1.0,113.16120573489702,50.245357142857145,47.27229810740747,2.4908241661308326,0.0,Resilient Emerging
MMR,5276.2944,-0.6832443252504934,1.0,137.4055150430724,,81.73315542658993,63.93812857142857,54.25018362027515,17.15367717568534,,
MNE,28105.709,-0.2832772978369924,1.0,106.03188321575516,2.0,110.81259028036315,39.76546428571429,50.5107472348433,5.664765146620613,3.0,Resilient Low-Income
MNG,16842.65,-0.5391519423102398,1.0,125.2563217889006,3.0,102.73685213115368,56.104885714285714,59.26454425134567,31.645152425235047,3.0,Resilient Low-Income
MOZ,1500.3143,0.6957695368283501,1.0,116.47334182733545,,98.91336191049469,79.38554285714287,92.6422667350196,15.762261936269123,,
MRT,6482.69,-2.873596958523711,9.0,94.17667982174189,3.0,101.85427943193888,39.56102857142857,90.23503879852578,5.248176913210295,3.0,Resilient Low-Income
MUS,28011.158,-0.7807991684582876,1.0,117.07411290930844,3.0,102.25367614948956,54.09547142857143,43.48058853559372,5.541859596457471,3.0,Resilient Low-Income
MWI,1634.2466,2.4458330412625324,1.0,116.30067511830671,1.0,97.74841826185836,70.64811428571429,94.64082573958808,19.14900386568889,0.0,Resilient Emerging
MYS,34116.23,-1.3439581967015612,2.0,108.11785814198711,2.0,104.9748713343566,59.469357142857135,54.17024528584478,2.5555824517046637,0.0,Resilient Emerging
NAM,10281.336,-2.5235378662875476,1.0,107.90212590924835,,93.75184552733876,44.84274285714286,74.1083656554675,7.5611334801941945,,
NER,1803.4369,0.09627845510236083,1.0,105.21677020036664,2.0,104.77025429090595,76.7275,101.3660838151854,3.1227030386747123,0.0,Resilient Emerging
NGA,7994.216,-0.10769333096740394,1.0,117.32668781594244,,93.80571999741204,78.78672857142857,88.46859694177576,18.683776998223877,,
NIC,7661.602,0.7462292465292868,2.0,104.89787020350832,1.0,110.95130951930248,58.443000000000005,69.89890407119242,96.95863547557708,0.0,Resilient Emerging
NLD,70498.88,-0.2794969620243559,7.0,99.5471682681694,1.0,103.46522402699568,63.698242857142866,49.528367301307505,2.378346815900807,2.0,Struggling Developed
NOR,91105.25,-0.6087769241130027,9.0,95.4608213134812,1.0,102.68987217319253,63.45757142857143,53.22182428335346,2.4456728326058927,2.0,Struggling Developed
NPL,5046.816,1.9848252990432331,1.0,117.2752062749768,2.0,105.50634305919246,36.40548571428572,71.25385596199018,7.4280705735244315,3.0,Resilient Low-Income
NRU,12468.762,5.685284987338277,1.0,128.99584277271134,1.0,110.63591424056452,,67.83344456105466,4.327500060285841,,
NZL,49316.4,-0.22868143038728417,4.0,98.745567772609,1.0,104.53092247170324,63.36701428571428,52.29764521245017,2.4340344802603866,2.0,Struggling Developed
OMN,36721.082,2.8684597005692396,1.0,101.7011248148327,1.0,98.6974695518459,59.35254285714286,52.40466871525333,1.7930321937792553,0.0,Resilient Emerging
OWID_EU27,54337.918,-0.7499082626050118,6.0,99.8504594526832,1.0,104.27189930928436,51.06029208571428,,,2.0,Struggling Developed
OWID_HIC,58334.816,-0.47807314589085315,3.0,100.71732678100018,1.0,105.35985987237004,56.426216985714284,,,2.0,Struggling Developed
OWID_KOS,15716.293,3.662535122618767,,,1.0,120.94496589893188,,,,,
OWID_LIC,2252.951,-0.6027887546600275,1.0,106.75298144318704,,92.2282042739674,62.167126357142855,,,,
OWID_LMC,8995.874,1.814285552814829,1.0,116.16572688294276,2.0,110.27726462649652,55.79288227142857,,,0.0,Resilient Emerging
OWID_UMC,21737.637,3.078067711114549,1.0,121.16972636786902,1.0,113.28344003151794,63.107724757142854,,,0.0,Resilient Emerging
OWID_WRL,21405.117,0.3685734157251126,2.0,106.24479638983408,1.0,106.98759784378996,59.26889758571429,,,0.0,Resilient Emerging
PAK,5500.3237,0.4457698976901431,1.0,99.72148412161224,1.0,102.31906325452664,49.67861428571429,80.74468761544932,9.386707603231727,0.0,Resilient Emerging
PAN,36394.918,1.0329105497333715,1.0,123.70567665943122,2.0,108.1692356230046,59.88608571428571,57.55502547736616,1.8647966817913313,0.0,Resilient Emerging
PER,15661.75,2.2933550134629894,1.0,123.72313242752814,2.0,99.12076423882937,68.46174285714285,60.49526092279679,229.89219864307753,0.0,Resilient Emerging
PHL,10375.94,-0.9084025453384408,1.0,109.38764754109027,2.0,104.72095980086952,58.85548571428571,66.50164792287998,5.690148901847475,0.0,Resilient Emerging
PLW,16425.973,-7.207123555460063,4.0,96.7968527038449,,84.15368539544357,,42.801217232526604,2.566284219293675,,
PNG,4288.5283,-1.8610108567237185,1.0,105.05050988085152,,97.77377374845562,47.98295714285714,69.18329972466655,6.587138537488602,,
POL,45153.043,3.6314195110273926,1.0,116.49070869193052,1.0,114.3816475047418,51.19945714285714,46.92246933225452,26.608332606080506,0.0,Resilient Emerging
PRI,44205.75,-1.3203659409345814,14.0,97.8130339680522,2.0,102.83647167189235,38.31774285714286,55.182542810906746,1.9300285700304167,2.0,Struggling Developed
PRT,42197.203,-1.610405123440581,9.0,97.04733486682996,2.0,103.93141682955618,55.2089,51.693055336126235,3.3233423706850944,2.0,Struggling Developed
PRY,16296.283,1.2015759029117752,1.0,117.65948624423012,1.0,103.2945194553682,65.75141428571429,66.58492380153109,8.967349647614567,0.0,Resilient Emerging
PSE,3845.503,0.2916480356125073,1.0,121.71701055078164,,85.50596812608066,32.83364516129032,86.12177326330388,3.0756457723469675,,
QAT,110889.79,0.8477253204008743,2.0,132.86292677620523,1.0,103.00736024961851,84.69012857142857,26.406679336049812,3.0658969903885165,0.0,Resilient Emerging
ROU,40504.0,2.432580927563657,1.0,107.49064450927376,1.0,110.21227553855294,47.50761428571428,48.843629612232675,41.4687973444083,0.0,Resilient Emerging
RUS,41704.71,0.27756199553376204,2.0,105.56008099203288,1.0,106.8812079105407,57.6961,45.207310905951964,99.7230690617196,0.0,Resilient Emerging
RWA,3264.6445,3.690032797738796,1.0,123.60714715576242,1.0,114.82810306086162,54.247542857142854,88.17303551826456,8.951015839625082,0.0,Resilient Emerging
SAU,62792.773,-0.49701006202110287,2.0,109.9909697245706,1.0,102.92766234307292,50.691585714285715,54.60469199811278,1.9847764555194383,0.0,Resilient Emerging
SDN,1861.398,-3.944964297684936,3.0,101.17399284611908,,60.159013739037725,40.18411428571429,89.93689649562182,541.8759296473435,,
SEN,4460.924,1.0592608804676997,1.0,101.40087788628968,1.0,105.75219113841916,48.075,86.48975216246274,2.728173724452277,0.0,Resilient Emerging
SGP,132569.53,1.16358120475733,2.0,109.81991876489371,1.0,107.86011604130172,63.794757142857144,31.792612006695787,1.8943001518922915,2.0,Struggling Developed
SLB,2353.248,-0.6666651828722587,1.0,116.48943708387208,,87.90052301670634,82.61962857142856,81.8104586256316,7.0277907937912625,,
SLE,3098.763,-0.007435995664550887,2.0,108.94618626065866,2.0,106.38993899944565,58.1714,84.79857550417766,21.746114586347332,0.0,Resilient Emerging
SLV,11669.082,0.7150038366066425,2.0,104.6114704518218,1.0,108.35273784804124,57.068714285714286,65.16355823170198,4.823710404712204,0.0,Resilient Emerging
SMR,70951.79,-1.840474306030321,,73.99217049173558,1.0,117.9168280053362,,47.69244746644603,2.010155743884711,,
SOM,1409.335,0.24012250460561657,1.0,118.81887281879146,,93.9886068141184,27.654970588235294,100.15897012814683,,,
SRB,26900.854,2.885155784673557,1.0,105.62891182945332,1.0,119.46976992709094,46.063700000000004,49.96797972505456,13.311733636062831,0.0,Resilient Emerging
STP,5491.2983,1.3023344051400598,1.0,103.7970585455688,1.0,97.18030260342556,20.878557142857144,86.22615766604854,20.482018190642723,0.0,Resilient Emerging
SUR,19179.102,-3.859710572500921,1.0,114.0052364975661,,82.81918548300715,46.29784285714286,57.967900513314454,25.656581719905244,,
SVK,40319.055,0.7133297477237316,2.0,108.5681241504474,1.0,106.20456020210946,52.828471428571426,45.436360447485384,7.384612950210028,0.0,Resilient Emerging
SVN,48648.906,-0.4531643785168793,9.0,95.57676498586444,1.0,107.6461109600614,54.52867142857143,46.634163430378216,30.194275659490266,2.0,Struggling Developed
SWE,62978.938,-1.200987303623849,3.0,100.19170450032227,1.0,101.72257779542522,58.908142857142856,56.62822534885652,2.2456111943118113,2.0,Struggling Developed
SWZ,10380.396,0.14597882114540361,1.0,106.15453865144238,3.0,100.8111025541047,38.60648571428572,77.87388417252357,7.242542795726231,3.0,Resilient Low-Income
SXM,47303.195,-5.736203475463292,,,3.0,101.24855878539182,,38.930781056110376,,,
SYC,29241.775,-5.12069572332407,3.0,105.57386055064366,,83.37301764073736,,48.145952486408795,4.336764652896628,,
SYR,4454.8535,0.065117505292131,1.0,109.28175693024222,,,39.87974242424242,77.56357931190661,14.815135177337762,,
TCA,33390.527,-6.893811503076699,9.0,78.37453756646839,3.0,104.01211804314974,,38.44632572717322,2.783333333333333,,
TCD,2412.866,-2.9868758272941,2.0,104.88227182984302,,93.41791028444078,64.89131428571429,102.97308201001732,3.5675054021237607,,
TGO,2960.7754,1.4951224416090063,1.0,109.95722839499648,1.0,110.27014769258466,56.4348,82.04980940462802,3.773104048170561,0.0,Resilient Emerging
THA,21740.541,-1.3124581245302664,2.0,106.50267061051646,4.0,99.5940048425968,70.80298571428571,42.94614396421215,2.800451348809256,3.0,Resilient Low-Income
TJK,4755.933,4.160117742911934,1.0,117.90105220317358,1.0,122.53332558148836,44.418099999999995,75.76724667273854,126.57224411870492,0.0,Resilient Emerging
TKM,18662.299,6.076620786748899,1.0,140.64419665739604,1.0,117.30053877192144,45.27455714285714,62.43905383528124,205.0251832685198,0.0,Resilient Emerging
TLS,3890.9575,12.137600625507972,1.0,128.6568462312707,1.0,84.8706878932449,66.53785714285713,79.36083244612972,4.2771,0.0,Resilient Emerging
TON,7030.419,0.08053803451675279,3.0,106.18873319033054,1.0,102.50158955473368,55.15676470588235,77.35627758691338,5.234157784487048,0.0,Resilient Emerging
TTO,31960.156,-2.8215718329383885,2.0,99.9313524064524,,92.43792362178496,57.108428571428576,43.786156117241994,5.311754230131716,,
TUN,12774.916,-0.10042938000029156,1.0,103.91589406682064,,95.5229206619016,40.3675,52.883839538131355,4.751638204768768,,
TUR,36154.492,1.2705075601986773,3.0,109.2990014005667,1.0,122.01769364539288,46.089571428571425,53.162123415794404,36.0456210878394,0.0,Resilient Emerging
TUV,5812.3994,-0.2556830143713049,7.0,98.65058488923142,1.0,109.83307106159236,,66.21305678372677,2.917088219993255,,
TZA,3713.263,1.4594835432588575,1.0,114.69258331352825,1.0,103.907467892024,83.3295,90.41038170119987,11.06523977630101,0.0,Resilient Emerging
UGA,2879.6702,2.2736419260196734,1.0,119.27917711427231,2.0,103.7794717964556,72.89672857142857,103.08725462132954,9.444700434511473,0.0,Resilient Emerging
UKR,16319.845,-2.669824196478021,,96.78863312066704,1.0,90.24981352650786,52.10877142857143,46.00187730039998,181.14557325462212,,
URY,32038.773,2.363046114021669,1.0,125.45402920501463,2.0,103.494368351635,56.0878,57.37937689379439,19.77037697789791,0.0,Resilient Emerging
USA,75489.266,-0.23229697745577305,5.0,98.26916835280926,1.0,107.30130251213237,60.44247142857143,50.576601063473426,2.6988573079511444,2.0,Struggling Developed
UZB,10450.205,4.836152963284396,1.0,128.03377182046458,1.0,114.30659021926128,52.71078571428571,61.544773498589116,102.50278103843807,0.0,Resilient Emerging
VCT,18714.2,-0.23934355450678513,5.0,95.8968020213857,2.0,109.12245250247092,52.84921428571429,57.545570474743315,2.1642515795423862,2.0,Struggling Developed
VIR,46479.3,-0.6558697957942337,,87.34236766769162,1.0,,52.30323809523809,55.45431084308556,,,
VNM,14415.216,2.790773195247281,1.0,119.22671247560194,1.0,116.48795806619772,74.34467142857142,54.76915994373538,10.113203473385836,0.0,Resilient Emerging
VUT,3172.0476,-1.8866661762078714,1.0,103.27698820006484,,91.53292984881858,64.56644285714286,79.46049471677999,3.0128857087407797,,
WB_EAP,24015.938,3.1681732503790503,1.0,120.98470099091718,1.0,113.45152154843426,66.99096302857143,,,0.0,Resilient Emerging
WB_ECA,44818.54,-0.5543475228924399,3.0,100.98096116219412,1.0,105.60937179735528,52.94020484285714,,,2.0,Struggling Developed
WB_LAC,19959.44,-0.33627164445109425,2.0,107.91204279567276,2.0,104.09723035345482,58.4074208,,,0.0,Resilient Emerging
WB_MENAP,14355.141,-0.029857827943960302,1.0,105.82093305678714,2.0,103.14092086861385,43.98000184285714,,,3.0,Resilient Low-Income
WB_NA,73462.04,-0.32305264653685883,5.0,98.39412350611587,1.0,106.55849365873992,60.468166014285714,,,2.0,Struggling Developed
WB_SA,9654.166,2.6311591046910827,1.0,120.07009117399576,1.0,116.69157053475784,52.28776557142857,,,0.0,Resilient Emerging
WB_SSA,4872.6357,-0.3655002458288008,1.0,108.81081850577152,,97.05291183996393,67.52930845714286,,,,
WSM,7686.2495,-2.1024539908116564,1.0,110.03603626136326,3.0,104.97936382076632,50.75828571428571,78.83811947684784,4.004755018621446,3.0,Resilient Low-Income
ZAF,13597.654,-1.2804401278371789,2.0,102.98237530682258,,95.4204060986562,41.7139,58.48523465180745,6.5733966747628525,,
ZMB,3708.069,1.7846185073529641,1.0,119.28548720422636,3.0,102.28089755433022,52.90801428571429,94.0951002407551,30.8471615849434,3.0,Resilient Low-Income
ZWE,5215.253,-2.4217577323233686,2.0,120.02976370119369,2.0,104.48910116091336,62.064771428571426,87.55032502335438,72.2796338707958,0.0,Resilient Emerging
