country_code,shock,pre_shock_gdp,recovery_speed_years,recovery_quality_pct
ABW,recession_2008,39462.586,11.0,88.28093526359372
AFG,recession_2008,2155.353,1.0,127.91651761915563
AGO,recession_2008,10437.59,1.0,105.74892288353921
ALB,recession_2008,10262.967,1.0,118.41715948224328
AND,recession_2008,65534.117,16.0,92.27325821754796
ARE,recession_2008,87180.61,,83.95261285737735
ARG,recession_2008,26850.664,2.0,109.5904369441292
ARM,recession_2008,10898.849,3.0,100.8379600451387
ATG,recession_2008,33245.27,,75.27061142833253
AUS,recession_2008,51663.242,1.0,103.08498835593787
AUT,recession_2008,60470.91,3.0,101.32517933002828
AZE,recession_2008,16587.365,1.0,116.7037561420997
BDI,recession_2008,994.96356,4.0,99.9726261331621
BEL,recession_2008,56983.46,6.0,99.30127093019624
BEN,recession_2008,2729.1375,1.0,100.10534463727095
BFA,recession_2008,1731.9304,1.0,112.006036732192
BGD,recession_2008,3608.9155,1.0,120.60205621328623
BGR,recession_2008,20440.338,1.0,109.20134980155416
BHR,recession_2008,52731.793,3.0,100.75957402017414
BHS,recession_2008,35797.117,16.0,90.88905679191987
BIH,recession_2008,11178.728,1.0,111.70949861200666
BLR,recession_2008,20019.611,1.0,126.89934884349152
BLZ,recession_2008,12973.207,,89.73703263965494
BMU,recession_2008,118691.07,,85.92889928450387
BOL,recession_2008,8493.948,1.0,112.48532484540756
BRA,recession_2008,16440.584,1.0,113.30382181070942
BRB,recession_2008,24145.754,,91.5377585640937
BRN,recession_2008,96752.62,,93.30978737319982
BTN,recession_2008,8195.07,1.0,130.7455213927398
BWA,recession_2008,15850.234,5.0,96.12930004692674
CAF,recession_2008,1284.5529,1.0,118.10711727014125
CAN,recession_2008,53761.863,4.0,99.84983221284574
CHE,recession_2008,74234.305,2.0,100.76323877484946
CHL,recession_2008,22878.883,1.0,110.8719774475004
CHN,recession_2008,8013.716,1.0,142.31871955532242
CIV,recession_2008,3999.691,1.0,100.44295171802023
CMR,recession_2008,4302.619,3.0,100.12162359716257
COD,recession_2008,1091.004,1.0,110.51654256079722
COG,recession_2008,7375.8247,1.0,115.13859595931015
COL,recession_2008,13318.304,1.0,111.51847862911073
COM,recession_2008,3012.5474,1.0,107.12583642667333
CPV,recession_2008,6767.4067,1.0,108.25097891634027
CRI,recession_2008,17743.623,1.0,108.51737551006353
CUW,recession_2008,33490.254,,97.65335013583353
CYM,recession_2008,92343.73,,81.32098411012855
CYP,recession_2008,43823.94,11.0,94.04188669480654
CZE,recession_2008,39629.008,3.0,100.19974257241057
DEU,recession_2008,54832.96,3.0,105.5175937975991
DMA,recession_2008,16560.518,1.0,105.5223091451608
DNK,recession_2008,63604.562,8.0,95.47908686172542
DOM,recession_2008,13754.921,1.0,110.92819798819636
DZA,recession_2008,14114.675,2.0,103.73575020324593
ECU,recession_2008,10952.822,1.0,113.66091770687044
EGY,recession_2008,11782.006,1.0,111.03734796943748
ESP,recession_2008,45301.285,9.0,93.31266430963272
EST,recession_2008,35989.863,7.0,90.1812852135614
ETH,recession_2008,1109.1433,1.0,134.5663720819483
FIN,recession_2008,57313.293,,96.05693045765142
FJI,recession_2008,9672.29,2.0,103.6020942300117
FRA,recession_2008,50157.785,6.0,99.85625162674148
FSM,recession_2008,3665.6575,1.0,106.43863481517299
GAB,recession_2008,19751.877,5.0,96.96844507486554
GBR,recession_2008,49243.25,7.0,95.34102643509516
GEO,recession_2008,10567.274,2.0,116.2900006188919
GHA,recession_2008,3923.1257,1.0,127.58619995275706
GIN,recession_2008,2587.005,2.0,103.33991236970937
GMB,recession_2008,2567.1572,1.0,98.15681719841699
GNB,recession_2008,2065.8613,1.0,110.28842062146185
GNQ,recession_2008,35540.45,1.0,96.6277410668689
GRC,recession_2008,41796.234,,81.12331843103377
GRD,recession_2008,14376.282,7.0,93.19412348756097
GRL,recession_2008,56763.24,1.0,107.76502539319462
GTM,recession_2008,9772.806,2.0,102.65310699915663
GUY,recession_2008,9354.08,1.0,117.15593623317314
HKG,recession_2008,53813.08,2.0,109.03079697352392
HND,recession_2008,5461.9014,3.0,100.4857685640389
HRV,recession_2008,30508.28,8.0,94.3000719804591
HTI,recession_2008,3268.8188,1.0,101.90220088063614
HUN,recession_2008,29044.066,6.0,97.83450085810988
IDN,recession_2008,7802.464,1.0,118.8723203336792
IND,recession_2008,4379.696,1.0,119.86104286690218
IRL,recession_2008,66590.195,7.0,89.95305990619188
IRN,recession_2008,15237.424,2.0,104.66182472837929
IRQ,recession_2008,10853.816,1.0,113.02554788104015
ISL,recession_2008,62940.746,8.0,90.2654410864466
ISR,recession_2008,36317.85,1.0,107.59275397635048
ITA,recession_2008,52747.19,15.0,93.79270440757129
JAM,recession_2008,10622.444,10.0,93.50468686867166
JOR,recession_2008,10161.402,1.0,108.0311752256234
JPN,recession_2008,42182.176,5.0,97.12003477487741
KAZ,recession_2008,24351.346,1.0,114.76228049159994
KEN,recession_2008,4116.451,2.0,104.6315381866564
KGZ,recession_2008,4558.713,1.0,111.71687272263027
KHM,recession_2008,3308.1575,1.0,118.5547846497635
KIR,recession_2008,2286.4465,5.0,94.04912819958831
KNA,recession_2008,23330.045,1.0,108.78679402461506
KOR,recession_2008,36257.34,1.0,112.30616200747214
KWT,recession_2008,79474.76,,81.59131276395173
LAO,recession_2008,4112.253,1.0,128.0776985268173
LBN,recession_2008,13941.562,1.0,124.47095239400004
LBR,recession_2008,1422.1002,1.0,112.58234124430892
LBY,recession_2008,22422.012,,47.90792637163873
LCA,recession_2008,20759.305,1.0,104.23215035378111
LKA,recession_2008,8454.207,1.0,125.6000947220715
LSO,recession_2008,2470.3147,1.0,111.29430594409693
LTU,recession_2008,29370.773,4.0,99.55729799825153
LUX,recession_2008,138677.97,,93.65969951824358
LVA,recession_2008,29423.736,7.0,86.01467876139182
MAC,recession_2008,102879.64,1.0,151.03603589592655
MAR,recession_2008,6620.5903,1.0,113.34024097518918
MDA,recession_2008,8854.834,1.0,115.38679324762045
MDG,recession_2008,1731.6176,,93.23948890332369
MDV,recession_2008,17439.951,3.0,100.81317315627778
MEX,recession_2008,21102.27,7.0,96.94502060678779
MHL,recession_2008,4222.413,2.0,100.86924230292016
MKD,recession_2008,15118.307,1.0,113.77799776125725
MLI,recession_2008,2515.947,1.0,104.26873857040708
MLT,recession_2008,34980.402,1.0,107.88739649132677
MMR,recession_2008,2968.3032,1.0,137.4055150430724
MNE,recession_2008,18966.531,1.0,106.03188321575516
MNG,recession_2008,8750.134,1.0,125.2563217889006
MOZ,recession_2008,1095.1257,1.0,116.47334182733545
MRT,recession_2008,6002.7783,9.0,94.17667982174189
MUS,recession_2008,16904.275,1.0,117.07411290930843
MWI,recession_2008,1318.3319,1.0,116.30067511830671
MYS,recession_2008,22305.12,2.0,108.11785814198713
NAM,recession_2008,10162.24,1.0,107.90212590924835
NER,recession_2008,1252.7483,1.0,105.21677020036665
NGA,recession_2008,6949.4263,1.0,117.32668781594245
NIC,recession_2008,5697.211,2.0,104.89787020350833
NLD,recession_2008,62601.62,7.0,99.54716826816941
NOR,recession_2008,87043.5,9.0,95.46082131348119
NPL,recession_2008,2708.7144,1.0,117.27520627497681
NRU,recession_2008,6109.601,1.0,128.99584277271134
NZL,recession_2008,42346.09,4.0,98.74556777260901
OMN,recession_2008,43696.97,1.0,101.7011248148327
OWID_EU27,recession_2008,46274.406,6.0,99.8504594526832
OWID_HIC,recession_2008,48145.7,3.0,100.71732678100018
OWID_LIC,recession_2008,2534.7456,1.0,106.75298144318704
OWID_LMC,recession_2008,4946.4395,1.0,116.16572688294275
OWID_UMC,recession_2008,11315.484,1.0,121.16972636786902
OWID_WRL,recession_2008,15510.866,2.0,106.24479638983408
PAK,recession_2008,4257.926,1.0,99.72148412161225
PAN,recession_2008,20208.822,1.0,123.70567665943122
PER,recession_2008,10286.3545,1.0,123.72313242752814
PHL,recession_2008,5840.068,1.0,109.38764754109027
PLW,recession_2008,18255.67,4.0,96.7968527038449
PNG,recession_2008,3345.8503,1.0,105.05050988085152
POL,recession_2008,24484.066,1.0,116.49070869193051
PRI,recession_2008,41888.625,14.0,97.8130339680522
PRT,recession_2008,37226.47,9.0,97.04733486682997
PRY,recession_2008,11141.87,1.0,117.65948624423011
PSE,recession_2008,4769.5234,1.0,121.71701055078165
QAT,recession_2008,109579.68,2.0,132.86292677620523
ROU,recession_2008,24328.494,1.0,107.49064450927376
RUS,recession_2008,32630.37,2.0,105.56008099203287
RWA,recession_2008,1516.2675,1.0,123.60714715576242
SAU,recession_2008,53318.418,2.0,109.9909697245706
SDN,recession_2008,4415.785,3.0,101.17399284611909
SEN,recession_2008,3316.4204,1.0,101.40087788628969
SGP,recession_2008,90417.805,2.0,109.81991876489371
SLB,recession_2008,2384.3179,1.0,116.48943708387209
SLE,recession_2008,2377.8054,2.0,108.94618626065866
SLV,recession_2008,8548.835,2.0,104.6114704518218
SMR,recession_2008,86785.016,,73.99217049173558
SOM,recession_2008,887.3693,1.0,118.81887281879146
SRB,recession_2008,17028.158,1.0,105.62891182945332
STP,recession_2008,4698.084,1.0,103.7970585455688
SUR,recession_2008,20902.139,1.0,114.0052364975661
SVK,recession_2008,28075.807,2.0,108.56812415044739
SVN,recession_2008,39995.207,9.0,95.57676498586443
SWE,recession_2008,57230.79,3.0,100.19170450032229
SWZ,recession_2008,7866.731,1.0,106.15453865144238
SYC,recession_2008,23117.855,3.0,105.57386055064366
SYR,recession_2008,8829.309,1.0,109.28175693024222
TCA,recession_2008,21878.82,9.0,78.37453756646839
TCD,recession_2008,2613.4739,2.0,104.88227182984302
TGO,recession_2008,1920.2693,1.0,109.95722839499649
THA,recession_2008,15742.655,2.0,106.50267061051646
TJK,recession_2008,2181.898,1.0,117.90105220317358
TKM,recession_2008,7060.1484,1.0,140.64419665739604
TLS,recession_2008,3256.5698,1.0,128.6568462312707
TON,recession_2008,5506.652,3.0,106.18873319033054
TTO,recession_2008,34793.645,2.0,99.9313524064524
TUN,recession_2008,11613.925,1.0,103.91589406682064
TUR,recession_2008,19909.084,3.0,109.2990014005667
TUV,recession_2008,3737.8787,7.0,98.65058488923142
TZA,recession_2008,2423.616,1.0,114.69258331352823
UGA,recession_2008,1999.0625,1.0,119.27917711427231
UKR,recession_2008,18374.014,,96.78863312066704
URY,recession_2008,20803.893,1.0,125.45402920501465
USA,recession_2008,61306.598,5.0,98.26916835280926
UZB,recession_2008,4764.564,1.0,128.03377182046458
VCT,recession_2008,13732.362,5.0,95.8968020213857
VIR,recession_2008,62332.945,,87.34236766769162
VNM,recession_2008,6418.544,1.0,119.22671247560194
VUT,recession_2008,3283.3655,1.0,103.27698820006484
WB_EAP,recession_2008,11869.004,1.0,120.98470099091718
WB_ECA,recession_2008,36985.766,3.0,100.98096116219412
WB_LAC,recession_2008,16820.953,2.0,107.91204279567275
WB_MENAP,recession_2008,12144.084,1.0,105.82093305678714
WB_NA,recession_2008,60574.895,5.0,98.39412350611587
WB_SA,recession_2008,4330.3027,1.0,120.07009117399576
WB_SSA,recession_2008,4334.8833,1.0,108.81081850577152
WSM,recession_2008,6013.2764,1.0,110.03603626136326
ZAF,recession_2008,14016.244,2.0,102.98237530682258
ZMB,recession_2008,2796.353,1.0,119.28548720422636
ZWE,recession_2008,3631.5376,2.0,120.02976370119369
ABW,covid_2020,39652.633,3.0,105.83097974855792
AFG,covid_2020,2927.245,,67.77063757902054
AGO,covid_2020,9648.011,,91.08883685974239
ALB,covid_2020,16761.193,1.0,122.1931815951287
AND,covid_2020,63215.9,2.0,102.23898892525456
ARE,covid_2020,72822.97,,96.45287743688566
ARG,covid_2020,26629.553,2.0,102.25630148579663
ARM,covid_2020,16215.36,2.0,119.6566218696347
ATG,covid_2020,29651.863,,96.02784486087769
AUS,covid_2020,58048.617,1.0,104.54161207664947
AUT,covid_2020,64609.375,2.0,99.88689257557436
AZE,covid_2020,20101.492,1.0,106.01570271500248
BDI,covid_2020,1057.9501,,97.941018201142
BEL,covid_2020,60479.977,1.0,104.3244477424322
BEN,covid_2020,3281.1047,1.0,113.41340616165037
BFA,covid_2020,2391.5364,1.0,103.95855986135105
BGD,covid_2020,6838.326,1.0,120.53239345418747
BGR,covid_2020,29150.043,1.0,113.46060793117869
BHR,covid_2020,56749.96,2.0,101.88536872977532
BHS,covid_2020,33202.49,2.0,106.08020663510477
BIH,covid_2020,17029.367,1.0,116.29909673095895
BLR,covid_2020,26798.82,1.0,103.67037802410704
BLZ,covid_2020,11765.975,2.0,105.14223428147689
BMU,covid_2020,95519.92,2.0,107.88571640344757
BOL,covid_2020,11930.916,,97.36182033299036
BRA,covid_2020,18018.621,1.0,105.88941295785068
BRB,covid_2020,20737.979,3.0,102.80014267542657
BRN,covid_2020,80228.16,,95.49851324023884
BTN,covid_2020,14555.188,3.0,100.37861414088228
BWA,covid_2020,18106.01,2.0,104.56461694210928
CAF,covid_2020,1145.0956,,98.91544426509017
CAN,covid_2020,57583.848,2.0,99.88467599456014
CHE,covid_2020,79596.7,1.0,103.39034155938627
CHL,covid_2020,28218.535,1.0,104.76687751508007
CHN,covid_2020,18820.514,1.0,120.5444017097514
CIV,covid_2020,5894.879,1.0,110.6197260367855
CMR,covid_2020,4882.3555,4.0,99.85448622084157
COD,covid_2020,1394.7646,1.0,111.79936743447605
COG,covid_2020,6939.369,,88.9459488319471
COL,covid_2020,17336.771,1.0,106.03472815093423
COM,covid_2020,3451.4214,4.0,99.50688432307916
CPV,covid_2020,9111.63,3.0,101.28221843951081
CRI,covid_2020,23364.783,1.0,111.19139861046432
CUW,covid_2020,28659.656,4.0,96.3651482767274
CYM,covid_2020,77476.84,3.0,102.83829335321369
CYP,covid_2020,45454.363,1.0,113.19865377939627
CZE,covid_2020,47763.617,1.0,99.57036963930099
DEU,covid_2020,62849.375,2.0,100.30230213108722
DJI,covid_2020,5809.3047,1.0,112.07328649846858
DMA,covid_2020,17619.434,3.0,103.73900205874943
DNK,covid_2020,67131.47,1.0,103.34828062010261
DOM,covid_2020,21451.287,1.0,108.53656472919317
DZA,covid_2020,15199.199,4.0,99.73765064856379
ECU,covid_2020,13870.489,2.0,103.40672920760039
EGY,covid_2020,15026.568,1.0,111.07916990759301
ESP,covid_2020,46896.418,3.0,100.90876023836191
EST,covid_2020,42218.96,1.0,97.79638579443927
ETH,covid_2020,2437.9705,1.0,113.12520803676665
FIN,covid_2020,56922.49,2.0,98.82013242920328
FJI,covid_2020,13056.331,3.0,101.06058892042489
FRA,covid_2020,53448.555,2.0,101.58688668009827
FRO,covid_2020,68134.03,1.0,105.39125602874218
FSM,covid_2020,3940.2644,1.0,96.81381279895837
GAB,covid_2020,19491.406,,95.94701377622528
GBR,covid_2020,52515.684,2.0,100.14662286413332
GEO,covid_2020,18186.88,1.0,124.21333400781221
GHA,covid_2020,6508.2466,1.0,104.61400771138571
GIN,covid_2020,3557.4624,1.0,109.76430840140435
GMB,covid_2020,2750.8213,1.0,107.73504625691244
GNB,covid_2020,2442.1067,1.0,110.3054424280479
GNQ,covid_2020,18446.592,,85.04680973049113
GRC,covid_2020,33502.75,1.0,109.54476871301611
GRD,covid_2020,17036.916,3.0,100.33010669301885
GRL,covid_2020,68534.945,1.0,103.65156052872004
GTM,covid_2020,11466.377,1.0,108.01099597545065
GUY,covid_2020,13402.422,1.0,367.9361834748973
HKG,covid_2020,65388.332,1.0,98.54137279415538
HND,covid_2020,6264.019,2.0,103.25447607997359
HRV,covid_2020,35122.85,1.0,117.64478964548721
HTI,covid_2020,3392.4326,,87.42830439726349
HUN,covid_2020,37662.676,1.0,107.0907813348154
IDN,covid_2020,12757.785,2.0,108.87450290156168
IND,covid_2020,7930.0913,1.0,117.29695974622636
IRL,covid_2020,96371.29,1.0,122.30003873560268
IRN,covid_2020,14841.075,1.0,114.84893109158196
IRQ,covid_2020,14910.225,,88.54543107163038
ISL,covid_2020,64826.434,2.0,105.07812291510588
ISR,covid_2020,44580.81,1.0,106.60899162666628
ITA,covid_2020,49690.63,1.0,106.39898105538208
JAM,covid_2020,10816.372,2.0,105.38480462765149
JOR,covid_2020,9288.527,3.0,100.9993780499319
JPN,covid_2020,44730.91,2.0,102.5211872506059
KAZ,covid_2020,33298.21,2.0,104.21951810622853
KEN,covid_2020,5171.7124,1.0,110.05687400560014
KGZ,covid_2020,6087.602,2.0,108.01914119878404
KHM,covid_2020,6448.885,2.0,103.82092408222508
KIR,covid_2020,2927.4846,1.0,107.27924239123239
KNA,covid_2020,31512.193,,97.15787790459395
KOR,covid_2020,49790.867,1.0,108.51255914061508
KWT,covid_2020,51380.645,,92.98715888054736
LAO,covid_2020,8075.275,1.0,103.6764196884936
LBN,covid_2020,15659.566,,72.3536590988537
LBR,covid_2020,1575.7666,2.0,102.6118779265914
LBY,covid_2020,14337.196,,87.0225809844547
LCA,covid_2020,22738.248,2.0,102.92676902811509
LKA,covid_2020,14637.444,,88.98370507856427
LSO,covid_2020,2773.2864,,93.60120902046035
LTU,covid_2020,43062.324,1.0,107.19279108113162
LUX,covid_2020,132724.75,1.0,97.98392537940362
LVA,covid_2020,35208.195,1.0,105.87797244363138
MAC,covid_2020,133453.89,,78.54038574671746
MAR,covid_2020,8768.176,3.0,101.67852470114653
MDA,covid_2020,14621.24,1.0,109.36472898331469
MDG,covid_2020,1707.8315,,95.41110466694167
MDV,covid_2020,21855.502,3.0,102.18501043810386
MEX,covid_2020,21704.186,3.0,100.98166316857034
MHL,covid_2020,6405.0757,1.0,106.19101191887552
MKD,covid_2020,21766.975,1.0,107.75645214826591
MLI,covid_2020,2916.1716,4.0,98.08847325719789
MLT,covid_2020,53391.438,1.0,113.16120573489702
MMR,covid_2020,6562.989,,81.73315542658993
MNE,covid_2020,24585.219,2.0,110.81259028036317
MNG,covid_2020,15790.696,3.0,102.73685213115368
MOZ,covid_2020,1528.8899,,98.91336191049467
MRT,covid_2020,6162.2104,3.0,101.85427943193889
MUS,covid_2020,26047.975,3.0,102.25367614948955
MWI,covid_2020,1687.2894,1.0,97.74841826185835
MYS,covid_2020,31300.508,2.0,104.9748713343566
NAM,covid_2020,10813.305,,93.75184552733877
NER,covid_2020,1612.6373,2.0,104.77025429090597
NGA,covid_2020,8361.787,,93.80571999741203
NIC,covid_2020,6756.5938,1.0,110.95130951930247
NLD,covid_2020,67847.85,1.0,103.46522402699567
NOR,covid_2020,87725.73,1.0,102.68987217319253
NPL,covid_2020,4607.5244,2.0,105.50634305919246
NRU,covid_2020,11183.096,1.0,110.63591424056452
NZL,covid_2020,47362.32,1.0,104.53092247170324
OMN,covid_2020,38292.387,1.0,98.6974695518459
OWID_EU27,covid_2020,51662.36,1.0,104.27189930928435
OWID_HIC,covid_2020,54610.215,1.0,105.35985987237004
OWID_KOS,covid_2020,11774.118,1.0,120.94496589893187
OWID_LIC,covid_2020,2434.319,,92.22820427396739
OWID_LMC,covid_2020,7843.6367,2.0,110.27726462649652
OWID_UMC,covid_2020,18493.598,1.0,113.28344003151794
OWID_WRL,covid_2020,19552.084,1.0,106.98759784378996
PAK,covid_2020,5295.953,1.0,102.31906325452663
PAN,covid_2020,33163.727,2.0,108.1692356230046
PER,covid_2020,15463.543,2.0,99.12076423882937
PHL,covid_2020,9452.294,2.0,104.72095980086951
PLW,covid_2020,19519.018,,84.15368539544357
PNG,covid_2020,4301.6113,,97.77377374845562
POL,covid_2020,38181.62,1.0,114.3816475047418
PRI,covid_2020,41656.33,2.0,102.83647167189235
PRT,covid_2020,40188.285,2.0,103.93141682955618
PRY,covid_2020,15321.324,1.0,103.2945194553682
PSE,covid_2020,6269.891,,85.50596812608066
QAT,covid_2020,113160.836,1.0,103.00736024961851
ROU,covid_2020,36399.625,1.0,110.21227553855294
RUS,covid_2020,37319.32,1.0,106.8812079105407
RWA,covid_2020,2667.4646,1.0,114.82810306086162
SAU,covid_2020,62647.73,1.0,102.92766234307291
SDN,covid_2020,3625.5232,,60.159013739037725
SEN,covid_2020,4070.6123,1.0,105.75219113841916
SGP,covid_2020,120114.13,1.0,107.86011604130172
SLB,covid_2020,2661.6167,,87.90052301670634
SLE,covid_2020,2852.6626,2.0,106.38993899944565
SLV,covid_2020,10543.938,1.0,108.35273784804123
SMR,covid_2020,60171.047,1.0,117.91682800533619
SOM,covid_2020,1491.2949,,93.9886068141184
SRB,covid_2020,21541.215,1.0,119.46976992709094
STP,covid_2020,5702.0835,1.0,97.18030260342557
SUR,covid_2020,22966.74,,82.81918548300715
SVK,covid_2020,37209.535,1.0,106.20456020210946
SVN,covid_2020,44569.586,1.0,107.6461109600614
SWE,covid_2020,61601.63,1.0,101.72257779542522
SWZ,covid_2020,10099.586,3.0,100.8111025541047
SXM,covid_2020,45996.793,3.0,101.24855878539182
SYC,covid_2020,34346.07,,83.37301764073736
SYR,covid_2020,4825.4062,,
TCA,covid_2020,30611.213,3.0,104.01211804314974
TCD,covid_2020,2604.5315,,93.41791028444078
TGO,covid_2020,2577.516,1.0,110.27014769258466
THA,covid_2020,21277.84,4.0,99.5940048425968
TJK,covid_2020,3649.8838,1.0,122.53332558148837
TKM,covid_2020,15231.306,1.0,117.30053877192145
TLS,covid_2020,5103.1494,1.0,84.8706878932449
TON,covid_2020,6858.839,1.0,102.50158955473367
TTO,covid_2020,33748.707,,92.43792362178496
TUN,covid_2020,13243.902,,95.5229206619016
TUR,covid_2020,28741.053,1.0,122.01769364539288
TUV,covid_2020,5292.0303,1.0,109.83307106159236
TZA,covid_2020,3484.6326,1.0,103.90746789202399
UGA,covid_2020,2689.4102,2.0,103.7794717964556
UKR,covid_2020,17636.555,1.0,90.24981352650786
URY,covid_2020,30010.574,2.0,103.49436835163499
USA,covid_2020,69112.6,1.0,107.30130251213237
UZB,covid_2020,8755.126,1.0,114.30659021926127
VCT,covid_2020,16365.325,2.0,109.12245250247092
VIR,covid_2020,45632.637,1.0,
VNM,covid_2020,11628.614,1.0,116.48795806619773
VUT,covid_2020,3512.072,,91.53292984881858
WB_EAP,covid_2020,20360.18,1.0,113.45152154843426
WB_ECA,covid_2020,41747.723,1.0,105.60937179735528
WB_LAC,covid_2020,18882.951,2.0,104.09723035345482
WB_MENAP,covid_2020,13860.935,2.0,103.14092086861383
WB_NA,covid_2020,67938.39,1.0,106.55849365873993
WB_SA,covid_2020,7857.6147,1.0,116.69157053475784
WB_SSA,covid_2020,4956.282,,97.05291183996391
WSM,covid_2020,7033.521,3.0,104.97936382076631
ZAF,covid_2020,14352.67,,95.4204060986562
ZMB,covid_2020,3591.5642,3.0,102.28089755433022
ZWE,covid_2020,4993.8438,2.0,104.48910116091336
