Series Name,Series Code,Country Name,Country Code,1970 [YR1970],1971 [YR1971],1972 [YR1972],1973 [YR1973],1974 [YR1974],1975 [YR1975],1976 [YR1976],1977 [YR1977],1978 [YR1978],1979 [YR1979],1980 [YR1980],1981 [YR1981],1982 [YR1982],1983 [YR1983],1984 [YR1984],1985 [YR1985],1986 [YR1986],1987 [YR1987],1988 [YR1988],1989 [YR1989],1990 [YR1990],1991 [YR1991],1992 [YR1992],1993 [YR1993],1994 [YR1994],1995 [YR1995],1996 [YR1996],1997 [YR1997],1998 [YR1998],1999 [YR1999],2000 [YR2000],2001 [YR2001],2002 [YR2002],2003 [YR2003],2004 [YR2004],2005 [YR2005],2006 [YR2006],2007 [YR2007],2008 [YR2008],2009 [YR2009],2010 [YR2010],2011 [YR2011],2012 [YR2012],2013 [YR2013],2014 [YR2014]
Real interest rate (%),FR.INR.RINR,Argentina,ARG,..,..,..,..,..,..,..,..,..,..,..,..,..,..,..,..,..,..,..,..,..,..,..,..,..,..,..,..,..,..,..,..,..,..,..,..,..,..,..,..,-8.56602872006595,-7.77340523607891,-6.74819555440488,-5.48583918237907,-11.6006987702162
Real interest rate (%),FR.INR.RINR,Croatia,HRV,..,..,..,..,..,..,..,..,..,..,..,..,..,..,..,..,..,..,..,..,..,..,..,-1.47953164033389,-41.9571288924379,-2.64234672097419,17.9907431046096,8.02411181933112,7.000457316528,11.0427695750227,7.40046327315708,5.10522770527876,8.66644271414854,6.97616215059997,7.8370724525506,7.83280455960883,5.82832254833918,4.83706670295624,4.30201649125526,8.32314888806859,9.37036526291186,7.8823305094704,7.95701684150427,8.44680311573686,8.44053899838005
Real interest rate (%),FR.INR.RINR,Estonia,EST,..,..,..,..,..,..,..,..,..,..,..,..,..,..,..,..,..,..,..,..,..,..,..,..,..,..,..,..,..,..,..,..,..,..,..,..,..,..,..,..,..,..,..,..,..
Real interest rate (%),FR.INR.RINR,Indonesia,IDN,..,..,..,..,..,..,..,..,..,..,..,..,..,..,..,..,18.8260979553837,4.88160748707117,13.4428230023115,11.155988239991,10.7531630625024,15.4148670582966,15.6069117143453,1.20357312645775,9.26307725112063,8.16295467111803,9.69941919220801,8.21356548046801,-24.6001680758639,11.8265264283871,-1.65421247091313,3.71998595702973,12.3224124961922,10.8520711478648,5.1344102312341,-0.245735467014772,1.65815142163521,2.3396740908807,-3.85224502633452,5.7479520957843,-1.74609753559601,4.59437674883757,7.75018856489028,6.37493124212137,6.79211858069728
Real interest rate (%),FR.INR.RINR,Hungary,HUN,..,..,..,..,..,..,..,..,..,..,..,..,..,..,..,..,..,..,0.176349599035853,1.34481569319557,2.47397792355931,-0.414709330879182,9.49789997690751,3.41902846514139,6.61885453373283,4.63616749801287,4.38064309564756,1.25160556446569,4.8469166582727,7.60077556937831,2.74050611292344,0.980904285816731,1.96434573154422,3.97739464988351,7.30604086882551,5.76699055471228,4.2510081795742,3.45799175068604,5.13519758378989,6.5473062011842,4.93090529604046,6.27203112740386,5.95314070328022,3.37347129461548,0.730458422702216
Real interest rate (%),FR.INR.RINR,Japan,JPN,..,..,..,..,..,..,..,..,..,..,..,..,..,..,..,..,..,..,..,..,..,..,..,4.31235795479334,3.93924918001128,4.05049499693949,3.11725468081069,1.93461315395101,2.34822342548048,3.44463436181262,3.44952133346022,3.08779538469562,3.30182293291162,3.48582884053981,2.92424060897809,2.90562805988201,2.54882304588839,2.60687838906944,2.84698138603537,2.3060326107459,3.54576191518366,3.1744896870391,2.18007652802857,1.66402193299863,-0.459381591769699
Real interest rate (%),FR.INR.RINR,Latvia,LVA,..,..,..,..,..,..,..,..,..,..,..,..,..,..,..,..,..,..,..,..,..,..,..,..,..,..,..,..,..,..,..,..,..,..,..,..,..,..,..,..,..,..,..,..,..
Real interest rate (%),FR.INR.RINR,Lithuania,LTU,..,..,..,..,..,..,..,..,..,..,..,..,..,..,..,..,..,..,..,..,..,..,..,..,..,..,..,..,..,..,..,..,..,..,..,..,..,..,..,..,..,..,..,..,..
Real interest rate (%),FR.INR.RINR,Malaysia,MYS,9.7591540677641,9.70413276768321,8.49694070317854,-6.79887980333884,-1.31243513276242,13.7507689831898,-2.39177960362022,2.43753903700032,-0.455552755988099,-2.34650094833376,3.04553812225221,10.7163851385547,9.59051757854066,5.53733485428126,7.07798351744358,14.3895064778322,22.9568776513427,2.50382419068594,5.48154054311878,4.24474198636965,4.79541772279953,5.56337120990198,7.56479177810498,5.81213391154941,4.64398300884851,4.91789276941431,6.04112247803348,6.90550976035381,3.35068161944531,8.51401065477759,-1.08573897723978,8.84851289556281,3.29631237075616,2.90603239825627,0.0344787905461849,-2.67317410418221,2.40900097691566,1.45673534665713,-3.90338193758431,11.7823929563059,-2.11327732642702,-0.471868633960644,3.7484193736755,4.46753081745693,2.06851821643173
Real interest rate (%),FR.INR.RINR,Portugal,PRT,..,..,..,..,..,..,..,..,..,..,..,..,..,..,..,..,..,..,..,..,..,..,..,..,..,..,..,..,..,..,..,..,..,..,..,..,..,..,..,..,..,..,..,..,..
Real interest rate (%),FR.INR.RINR,Russian Federation,RUS,..,..,..,..,..,..,..,..,..,..,..,..,..,..,..,..,..,..,..,..,..,..,..,..,..,..,..,14.7604587981811,19.6160805566126,-18.9515529417949,-9.63311144269675,1.2265785072243,0.0329353853463892,-0.60017068040332,-7.32898586198479,-7.20668991062191,-4.07869184018714,-3.34492661176016,-4.90496208972303,13.079965285875,-2.9550837319085,-12.8569352915768,0.176416618842598,3.93707019254128,3.39714683575477
Real interest rate (%),FR.INR.RINR,Slovak Republic,SVK,..,..,..,..,..,..,..,..,..,..,..,..,..,..,..,..,..,..,..,..,..,..,..,..,..,..,..,..,..,..,..,..,..,..,..,..,..,..,..,..,..,..,..,..,..
Real interest rate (%),FR.INR.RINR,Sweden,SWE,..,..,..,..,..,..,..,..,..,..,..,..,..,..,..,..,..,..,..,..,..,..,14.0420837617749,9.67371996007432,7.94876836500994,7.16933089808381,7.59519809210064,5.47933390116403,5.539955247114,4.32759698750999,4.13542710004244,3.06097434931146,4.10242132523834,3.11216223245068,3.75233788796579,2.7465308895004,1.89888281128576,..,..,..,..,..,..,..,..
Real interest rate (%),FR.INR.RINR,Turkiye,TUR,..,..,..,..,..,..,..,..,..,..,..,..,..,..,..,..,..,..,..,..,..,..,..,..,..,..,..,..,..,..,..,..,..,..,..,..,..,..,..,..,..,..,..,..,..
Real interest rate (%),FR.INR.RINR,"Venezuela, RB",VEN,..,..,..,..,..,..,..,..,..,..,..,..,..,..,-20.2723286743479,-0.323406794685674,9.33481868168375,-20.1505777927839,-7.842980798141,-39.0315426967406,-4.38060846129239,12.9384879380317,10.2018544319991,21.46355813478,-5.05578705637329,-7.91764283249233,-35.3145165456277,-7.6614922733382,23.0987863341021,4.70163709843741,-3.2858753296361,13.3844231339627,2.67218994668386,-7.21866989625879,-11.5391025879983,-9.8722931586193,-2.05899917326324,1.43485845305455,-5.96439961739872,11.1856446074341,-18.9085587466057,-8.58311384652377,-3.73490739702865,-16.6927476369503,-42.7246127062301
Real interest rate (%),FR.INR.RINR,United States,USA,2.51491820767599,0.621992022659651,0.883965225131788,2.4096938447822,1.65106596056714,-1.28158053903036,1.26679040234448,0.575101000374769,1.88980821589414,4.03438927792721,5.71636286472601,8.5946006933796,8.17720821048299,6.61803546660781,8.14090660797679,6.56324383385124,6.1938695909416,5.58752028752394,5.59030222565257,6.69026467457878,6.03974984988311,4.91529596812901,3.88429488654255,3.54563216911484,4.89854133884219,6.59421796734386,6.32428599296519,6.60331688123844,7.14996175417603,6.48725394907382,6.81386177218246,4.56709046371912,3.07320805338916,2.10671171585721,1.60763317917852,2.96083428030712,4.72785135317774,5.19990178361212,3.10106296496386,2.61706389356322,2.01031249832462,1.16287972647355,1.362424650544,1.7482101512619,1.58866664005878
Real interest rate (%),FR.INR.RINR,United Kingdom,GBR,-1.82936147885694,-1.89257709987739,-0.377589660458923,0.355799998487005,-4.48441825438497,-11.4571077510887,-3.58483634789218,-4.30828619982392,-2.8736128548104,-1.28877099934625,-2.97944449300903,0.962806855481592,4.30086226600881,3.87434713537505,4.83765405836684,5.82930589083658,7.18142370206527,3.25308034488791,3.04647746464006,5.16720634836742,6.4269097034631,4.75674011554985,6.985708939083,4.2008392797521,5.12241541661596,-3.71388968516106,1.74475922401825,6.52493255959209,5.82612598805441,3.89558515205972,4.94007778507734,3.35276851534879,1.87229360848,1.28051509830497,1.60543979164839,1.73498971863596,1.51610423583348,3.44659213990367,1.32675740896323,-1.33576903136853,-0.817511776035438,-1.92821635664364,-1.03179878401941,-1.62209771601829,-1.0787978449774
Real interest rate (%),FR.INR.RINR,Norway,NOR,..,..,..,..,..,..,..,..,..,..,..,..,..,..,..,..,..,..,..,..,..,..,..,..,..,..,..,..,..,..,..,..,..,..,..,..,..,..,..,..,..,..,..,1.75202764781328,3.94314737872022
Real interest rate (%),FR.INR.RINR,Afghanistan,AFG,..,..,..,..,..,..,..,..,..,..,..,..,..,..,..,..,..,..,..,..,..,..,..,..,..,..,..,..,..,..,..,..,..,..,..,..,10.0468971030039,-3.58511111025937,12.5579601438018,17.5429289286094,11.3640937418183,-1.24150600982001,7.17438724753763,9.78449593859924,14.3516893380043
Real interest rate (%),FR.INR.RINR,Albania,ALB,..,..,..,..,..,..,..,..,..,..,..,..,..,..,..,..,3.50195315750933,1.00030915479637,1.00058436844588,0.996284184948046,1.43757004142406,-25.4690910583275,-63.7871204785824,-42.5735139644764,-8.96318218802839,-10.3859981337813,6.00672099352221,17.6952058443456,..,18.3197049982099,15.2785042512077,15.311595059467,10.9719532137275,8.89419077403408,8.40596001388614,9.62860015652314,9.98704550225854,8.51173734427855,9.19915823851388,9.83773189748568,8.35023474045181,10.5583645007965,10.6295054335739,9.44075587277392,6.43617834102525
Real interest rate (%),FR.INR.RINR,Algeria,DZA,..,..,..,..,..,..,..,..,..,..,..,..,..,..,..,..,..,..,..,..,..,..,..,..,..,-7.90216593784418,-4.04920735792248,8.13664537995793,15.1040086059725,-0.095922627849907,-10.3343779975902,1.37540693520959,7.11282850261404,-0.750361449727912,-3.09251853802661,-3.88174750068618,-2.51051997823398,0.844558436606999,-6.18312466469342,16.5976144696892,-6.53956357149489,-7.62022648935877,-0.00226526143978329,7.04435828748252,6.45599979815453
Real interest rate (%),FR.INR.RINR,American Samoa,ASM,..,..,..,..,..,..,..,..,..,..,..,..,..,..,..,..,..,..,..,..,..,..,..,..,..,..,..,..,..,..,..,..,..,..,..,..,..,..,..,..,..,..,..,..,..
Real interest rate (%),FR.INR.RINR,Andorra,AND,..,..,..,..,..,..,..,..,..,..,..,..,..,..,..,..,..,..,..,..,..,..,..,..,..,..,..,..,..,..,..,..,..,..,..,..,..,..,..,..,..,..,..,..,..
Real interest rate (%),FR.INR.RINR,Angola,AGO,..,..,..,..,..,..,..,..,..,..,..,..,..,..,..,..,..,..,..,..,..,..,..,..,..,-84.0950001791546,-93.5134588840176,-29.522706549011,4.04755887747496,-72.5785001611618,-60.7813270387997,-5.03293321688837,-41.3294690923792,0.774759816031368,36.7003974568589,19.6820166550523,2.30827389629116,11.9081334304949,-5.77235856598051,34.9396938678722,-4.76194124374164,-8.39804755510652,8.91040000919163,12.1812486049924,11.8181537125047
Real interest rate (%),FR.INR.RINR,Antigua and Barbuda,ATG,..,..,..,..,..,..,..,..,..,..,..,..,-0.52910193200317,5.88738325715409,6.98537641817362,2.97554351102813,3.29752086095243,1.20271016771027,-2.96910023103746,5.25109660545683,8.36685996382998,9.25544256949174,9.49084094132999,10.1255605432011,9.22740608527823,9.36234713805886,8.55672723148799,9.21909774793213,9.26602195402914,9.86245684952877,10.4751903679494,9.36728251413515,9.98619298727225,13.365375754855,9.39508535611004,6.4153000424977,9.66489579668665,5.81513271883767,5.43329381929374,8.85744858342285,9.24335140853374,9.6701441061203,7.41717719114798,12.5264773364625,8.14993534146254
Real interest rate (%),FR.INR.RINR,Arab World,ARB,..,..,..,..,..,..,..,..,..,..,..,..,..,..,..,..,..,..,..,..,..,..,..,..,..,..,..,..,..,..,..,..,..,..,..,..,..,..,..,..,..,..,..,..,..
Real interest rate (%),FR.INR.RINR,Armenia,ARM,..,..,..,..,..,..,..,..,..,..,..,..,..,..,..,..,..,..,..,..,..,..,..,..,..,-24.9130577387047,39.1051682810329,30.9943494018688,34.1346115887574,38.7736674369924,33.3984630599644,21.7821520799662,18.3470692801939,15.5169875894728,11.6248159998918,14.3161459394902,11.3814924574335,12.6947444611314,10.4349146525183,15.8708814402683,10.6076357898924,12.9197578932997,11.2811932906832,12.2168430436348,13.7812486601176
Real interest rate (%),FR.INR.RINR,Aruba,ABW,..,..,..,..,..,..,..,..,..,..,..,..,..,..,..,..,..,6.47543427271753,6.91818005864427,6.26423401893797,4.5666408556276,4.79112520734837,6.52813758772899,5.03292510547116,4.05692612365099,6.98825052743605,6.89090544941648,6.31195251913281,4.173555703149,10.7168994077419,10.9174500760991,15.885948876168,6.57378500312943,7.42457507462851,6.60450953637949,5.64637297616821,5.81310509823675,4.97600231726435,5.9825479431511,8.84604657019821,11.6661307585963,4.80197433814387,8.20087500684476,10.7097087655441,6.37347405601159
Real interest rate (%),FR.INR.RINR,Australia,AUS,1.68660163307201,1.96274008808979,0.780577132965352,-1.50070228198046,-6.01319056393475,-5.34013672544714,-3.60043994089532,-1.38480002953504,1.05042312279371,0.45133736247227,-0.0338201703845267,2.10698245805118,1.41981894204243,2.04961248224825,3.3724667696475,7.38849341201413,7.93316300773165,7.52171710027327,6.44477338740003,6.61872264689812,9.66177943370785,10.0864707781497,8.97107853965401,8.47616802286489,7.9813736477786,8.02236263480293,6.83133888876501,5.82323813876082,5.48226492899418,6.05604022023678,5.03411252620181,2.10299461437176,3.42491629064352,3.51968278100984,3.69949132705322,3.30680627260577,2.37921843259392,3.05876012508836,4.15102038072407,0.98031322538665,6.04356005483095,1.44878757207191,5.08629843609618,6.31873407967245,4.46963335705945
Real interest rate (%),FR.INR.RINR,Austria,AUT,..,..,..,..,..,..,..,..,..,..,..,..,..,..,..,..,..,..,..,..,..,..,..,..,..,..,..,..,..,..,..,..,..,..,..,..,..,..,..,..,..,..,..,..,..
Real interest rate (%),FR.INR.RINR,Azerbaijan,AZE,..,..,..,..,..,..,..,..,..,..,..,..,..,..,..,..,..,..,..,..,..,..,..,..,..,..,..,..,21.017984953084,16.9546089911586,6.36757302509518,16.7690790545171,12.6244058764035,7.94230043681966,5.92029158128701,2.00903640930593,5.86921103386284,-1.20386445598547,-6.41437028522556,48.0000301665621,6.03749019446764,-4.50907141950471,15.0720533422824,17.7236085217691,19.4463807888005
Real interest rate (%),FR.INR.RINR,"Bahamas, The",BHS,..,..,..,..,..,..,6.94438712573368,7.63923723601807,7.09268100384856,0.525916092569516,0.751287393264862,-5.68308500706424,7.04469060143084,4.73974026328542,7.58791859967344,1.72652925214658,4.38524365032919,2.26450422140818,7.40576480245897,7.05883981138421,3.73669961161005,6.28283688115539,4.02073544299569,8.38172804190316,4.59138662110409,5.90021921872135,5.70956037432645,-38.3765361322397,3.59157439480759,1.35688264456125,5.03087234206615,5.62697758445409,1.96182798147075,4.789804496847,4.74826080657444,0.462285094948543,4.63343166601008,2.47895542968892,3.95255121214989,6.60483148728574,5.91578891584344,5.9723845342931,2.84696532957625,4.13155190987451,0.327158441117361
Real interest rate (%),FR.INR.RINR,Bahrain,BHR,..,..,..,..,..,..,..,..,..,..,..,..,..,..,..,..,31.8990788938976,6.79616154339312,5.67650698131262,4.26721428921831,3.41972663043074,11.4748691107096,15.8180446924414,14.2943018969934,3.15013971624476,10.4967021438002,12.0998245722299,11.1609435676703,20.2848647143456,8.84267997634557,-2.3789073277779,14.5455953860328,4.82736149717816,-0.283027999411548,-2.78109216290479,-5.19902968703039,-0.796746124416999,-0.156119504455016,-2.82101965375419,24.0619674381792,-4.2492460256505,-2.46162141459636,3.01266280675138,5.40813959591411,7.41558701492672
Real interest rate (%),FR.INR.RINR,Bangladesh,BGD,..,..,..,..,..,..,33.795058351574,13.8615622627569,-12.2692196669051,-2.09486764748532,-5.98813218230932,1.12798479968249,1.16377387984429,2.43947329768085,3.02081321608222,-6.2119269152058,4.37450569364977,3.35321767891814,6.83736162270716,6.00688829655345,7.80321557561621,11.7189873524356,11.0503571312982,13.7409692658164,9.12576468789752,5.45528455877529,-5.16455193045819,8.8533210419986,7.8256481093584,8.97864304812777,8.99820323770434,9.25695571842855,8.38969935744535,5.88445428042499,5.58235561080844,5.76426911966502,5.46699380857838,5.7891114361705,4.66174256991599,6.14653833234914,4.7361235689611,5.06419768574566,5.34333265873121,5.98869390231371,6.88586627746747
Real interest rate (%),FR.INR.RINR,Barbados,BRB,..,..,..,..,..,..,..,..,..,..,..,-0.661277885776031,3.21289842090353,5.79891095229392,6.00547835606604,6.80888621433251,4.39250628664057,1.31568766994725,6.50089220163353,2.89551144155277,7.41201551811264,7.58061361989414,11.1819478999126,3.53751372791561,6.72488147832914,8.89347994923878,7.27686558493164,8.83542399793803,0.962936395837851,4.75174550034418,11.6646436288594,7.16631527737489,7.52383861784461,7.30263973499157,2.36722364027148,2.34273460323265,5.95150098880004,1.97590235214631,8.08039055228652,11.2395217716761,-16.3083640887899,8.55020368124343,3.19688081900711,8.55048075210576,10.1044046409713
Real interest rate (%),FR.INR.RINR,Belarus,BLR,..,..,..,..,..,..,..,..,..,..,..,..,..,..,..,..,..,..,..,..,..,..,-89.2993914330492,-85.1883272272899,-87.8528574130947,-63.887258292669,5.60715844634081,-23.2156560031963,-28.0828261296058,-63.761025488483,-41.2295491112523,-18.1401862241537,-5.52846897733011,-5.13471714620616,-4.70086264766037,-6.39967134874553,-1.72187168837492,-3.8075656431765,-10.4472953481541,2.2115757548072,-1.90734443709477,-33.4890247376893,-31.813210346091,-1.75623800416066,0.464553801650014
Real interest rate (%),FR.INR.RINR,Belgium,BEL,..,..,..,..,..,..,..,..,..,..,..,..,..,..,..,..,..,..,..,..,..,..,..,..,..,..,..,..,..,..,..,..,..,..,..,..,..,..,..,..,..,..,..,..,..
Real interest rate (%),FR.INR.RINR,Belize,BLZ,..,..,..,..,..,..,..,..,..,..,..,..,20.0880640264226,6.31368010063474,5.50666243462542,16.9737023617335,10.5917168100241,6.08761362631579,9.77935683302122,10.3344843609634,14.0529881752783,17.0119196633806,10.5269926198422,12.267076983443,11.8406046593974,9.88216752712154,13.1952180009875,18.0810579034383,13.7226809860845,18.2357266141234,14.3686867020506,17.7125860303369,14.0414110742632,19.2271079636794,11.5510878768314,10.9207893701168,10.6436901190592,10.1374154370035,10.199404772485,16.9657896052259,11.4708938185105,8.11082138544433,11.6624405372763,9.36812182964197,9.58641090069746
Real interest rate (%),FR.INR.RINR,Benin,BEN,..,..,..,..,..,..,..,..,..,..,..,..,..,..,..,..,..,..,..,..,..,..,..,..,..,..,..,..,..,..,..,..,..,..,..,3.59609815466937,2.5881456183227,4.3445629753372,-1.36233108364526,2.37742857428905,4.19549019095698,1.46803081679031,-2.46960852040217,3.83659295370063,5.5999917955037
Real interest rate (%),FR.INR.RINR,Bermuda,BMU,..,..,..,..,..,..,..,..,..,..,..,..,..,..,..,..,..,..,..,..,..,..,..,..,..,..,..,..,..,..,..,..,..,..,..,..,..,..,..,..,..,..,..,..,..
Real interest rate (%),FR.INR.RINR,Bhutan,BTN,..,..,..,..,..,..,..,..,..,..,..,..,7.18897917070202,7.3178057357332,4.39011352195664,7.97248680292129,7.29069384793529,13.7474442174078,0.0305555657188214,8.89335291823628,8.28079439788385,5.56145046368359,7.41504460555237,7.82073479574516,3.77606455074241,7.12532798815581,7.29550932422907,2.73953660813191,4.79124819646696,9.25846936869144,-0.452380923380808,9.98395912429185,9.78759245809076,11.158765783946,10.2103871479367,7.53273636326834,6.96680039207906,8.89481722872429,7.81013552158548,8.93079338586161,5.16003045502482,4.7022266677534,4.93682331091909,7.41622267650341,7.85338265465553
Real interest rate (%),FR.INR.RINR,Bolivia,BOL,..,..,..,..,..,..,..,..,..,..,..,..,..,..,..,..,..,30.3968389397732,18.9501337506136,21.2807435646544,21.9711391761305,19.9321704103354,28.5447785836516,44.4076299315178,44.1131558230882,35.5300943196571,39.7798687084599,41.9515996899942,30.2290511824939,32.1815221664531,27.9483957185948,17.8530979126692,17.3230579080152,10.6586077125964,6.02233191168458,10.0756689351211,-1.55933382958267,5.11062966265615,3.16372004257659,15.1460374289771,1.04104152848906,-3.21717814892907,3.76719139203369,4.77002914125712,7.49119854684631
Real interest rate (%),FR.INR.RINR,Bosnia and Herzegovina,BIH,..,..,..,..,..,..,..,..,..,..,..,..,..,..,..,..,..,..,..,..,..,..,..,..,..,..,..,..,..,..,..,..,7.32132201959301,9.32753797012934,7.94786969790635,3.22395521222414,0.198551451909391,0.919932443791068,-0.334494227707476,7.73269234983553,6.39214485485004,4.88042163230984,6.48156391846798,7.2764764654592,5.58529714833356
Real interest rate (%),FR.INR.RINR,Botswana,BWA,..,..,..,..,..,..,..,..,..,..,-1.55665498820811,9.72190950408836,19.781891313643,4.25720165427279,-2.96896350855332,-9.27115319577954,-2.68386492235018,-2.39060478371395,-12.1141666201078,-5.2636823182382,1.48163823677963,6.32797899894067,6.90244634765956,1.63797026811845,4.06788524957284,6.77649370861708,-1.38848072123473,8.53034219713919,3.34968985507135,0.473255877886662,1.14582523705701,6.86638447526455,14.8447010075106,12.7261593572254,5.15195653567252,0.230180568544681,10.7498451318936,9.60660136551935,6.55459216778818,-1.17567655612691,3.50357416793177,-1.46772898222052,7.75464918864852,8.5265575689159,-0.548849802276951
Real interest rate (%),FR.INR.RINR,Brazil,BRA,..,..,..,..,..,..,..,..,..,..,..,..,..,..,..,..,..,..,..,..,..,..,..,..,..,..,..,65.4088449823572,77.6168379916665,67.060917103827,48.5047281831843,45.6378187168125,48.3404374497978,46.447398837078,43.7791527215823,44.6351688572486,41.240326487245,35.0225154508309,35.3667577888094,34.792009638163,29.1158055183637,32.8334595056712,26.5820905353339,18.498844416907,22.4036724327293
Real interest rate (%),FR.INR.RINR,Brunei Darussalam,BRN,..,..,..,..,..,..,..,..,..,..,..,..,..,..,..,..,..,..,..,..,..,..,..,..,..,..,..,..,23.8213574319673,-4.44344199616676,3.0507709785605,11.0211402105211,5.64302408906322,-0.76189501480855,-9.47465919647903,-12.450760317229,-4.04236494665693,0.767082535354027,-9.06800368287673,34.805790292472,0.495246548770843,-12.2155723237545,4.22815370059819,8.56533104131138,7.48417427891579
Real interest rate (%),FR.INR.RINR,Bulgaria,BGR,..,..,..,..,..,..,..,..,..,..,..,..,..,..,..,..,..,..,..,..,..,..,9.06847540328998,17.0524850708729,17.2611749587835,-23.9591157206933,139.963713201283,-69.1063591045788,-14.8320466228749,9.85227659204596,3.69017826886915,4.7051830095992,5.16085367037714,6.2178221831923,3.11585448116752,1.93886978015724,2.0008627659768,-0.948807878192513,2.55123055462124,7.11672360544814,10.3015199756547,4.25643887692505,8.50741240012361,8.96500627436584,6.83027968605849
Real interest rate (%),FR.INR.RINR,Burkina Faso,BFA,..,..,..,..,..,..,..,..,..,..,..,..,..,..,..,..,..,..,..,..,..,..,..,..,..,..,..,..,..,..,..,..,..,..,..,4.94407010067677,5.43552158413382,2.20437671811626,-3.82524863007166,2.51157897500392,1.28514116887426,-1.3885289905265,-0.741639727368065,7.57802019961703,5.99591815146962
Real interest rate (%),FR.INR.RINR,Burundi,BDI,..,..,..,..,..,..,..,..,-0.451262623705508,-11.2032255104271,-3.76686094686617,19.2292447866872,5.98831967000174,5.23492170067308,-4.4500633974039,6.59678082210115,16.9803375465518,15.9633910730591,8.22173811135184,-2.40262500458507,5.99714246808453,8.34847759842348,7.83342951672532,5.59112035265415,7.0908334336198,-0.727268464698452,..,..,3.54367365832104,0.245048218192701,-16.6791975356856,2.73290368762483,18.2520363062058,5.61440230161237,4.51452118694419,-0.333712699963746,13.8331873120086,7.90733431224241,-6.1527653400062,3.59561466651467,3.1778306745493,4.48464935182698,0.254833708436296,6.39183238994164,9.84410521693673
Real interest rate (%),FR.INR.RINR,Cabo Verde,CPV,..,..,..,..,..,..,..,..,..,..,..,..,..,..,..,..,..,..,..,..,..,..,..,..,..,..,..,..,..,..,..,..,..,..,..,..,5.8910574338907,-6.76180795696861,6.05158979989857,8.84912547410187,10.317961028238,6.87490642579447,9.16067795394889,8.9675724192291,11.0051168391364
Real interest rate (%),FR.INR.RINR,Cambodia,KHM,..,..,..,..,..,..,..,..,..,..,..,..,..,..,..,..,..,..,..,..,..,..,..,..,..,..,..,..,..,..,..,..,..,..,..,..,..,..,..,..,..,..,..,..,..
Real interest rate (%),FR.INR.RINR,Cameroon,CMR,..,..,..,..,..,..,..,..,..,..,..,..,..,..,..,..,..,..,..,..,..,..,..,..,..,..,..,..,..,..,..,..,..,..,..,..,..,..,..,..,..,..,..,..,..
Real interest rate (%),FR.INR.RINR,Canada,CAN,3.28933003929992,1.47498866631522,0.164379085881857,-2.07677440298956,-4.17020135180785,-1.42441455599467,1.15664704234222,1.6702642318292,2.67808349791615,2.56725857748877,3.81089129152246,7.59505414119305,6.41882678150679,5.0481626328208,8.22548419583877,7.01089326374446,7.16404911153172,4.51298752700157,6.02002601678906,8.26516672059274,10.3628057714141,6.67664065372475,5.92122339032161,4.58929911762106,5.34161489206246,6.24124775519778,4.31493792119552,3.77105924384815,6.79236179380984,4.42844747936203,2.77523978507557,4.17315129465872,2.91416358806175,1.39251006593115,0.715785255573854,1.26073562439764,3.16108200746548,2.71404282733283,0.704688614980772,4.83312174515317,-0.237699919212513,-0.236773145019819,1.76011030499221,1.23771666507039,1.03863897928326
Real interest rate (%),FR.INR.RINR,Caribbean small states,CSS,..,..,..,..,..,..,..,..,..,..,..,..,..,..,..,..,..,..,..,..,..,..,..,..,..,..,..,..,..,..,..,..,..,..,..,..,..,..,..,..,..,..,..,..,..
Real interest rate (%),FR.INR.RINR,Cayman Islands,CYM,..,..,..,..,..,..,..,..,..,..,..,..,..,..,..,..,..,..,..,..,..,..,..,..,..,..,..,..,..,..,..,..,..,..,..,..,..,..,..,..,..,..,..,..,..
Real interest rate (%),FR.INR.RINR,Central African Republic,CAF,..,..,..,..,..,..,..,..,..,..,..,..,..,..,..,..,..,..,..,..,..,..,..,..,..,..,..,..,..,..,..,..,..,..,..,..,..,..,..,..,..,..,..,..,..
Real interest rate (%),FR.INR.RINR,Central Europe and the Baltics,CEB,..,..,..,..,..,..,..,..,..,..,..,..,..,..,..,..,..,..,..,..,..,..,..,..,..,..,..,..,..,..,..,..,..,..,..,..,..,..,..,..,..,..,..,..,..
Real interest rate (%),FR.INR.RINR,Chad,TCD,..,..,..,..,..,..,..,..,..,..,..,..,..,..,..,..,..,..,..,..,..,..,..,..,..,..,..,..,..,..,..,..,..,..,..,..,..,..,..,..,..,..,..,..,..
Real interest rate (%),FR.INR.RINR,Channel Islands,CHI,..,..,..,..,..,..,..,..,..,..,..,..,..,..,..,..,..,..,..,..,..,..,..,..,..,..,..,..,..,..,..,..,..,..,..,..,..,..,..,..,..,..,..,..,..
Real interest rate (%),FR.INR.RINR,Chile,CHL,..,..,..,..,..,..,..,..,..,..,..,..,..,..,..,-1.33419548227289,3.68359407674939,5.68936429519364,0.667334366260608,19.9835462853345,21.472611103024,5.72133651969467,9.30522724057307,10.9266135761299,5.74606631591614,6.38855352000336,13.6749448779555,11.9419486829006,19.240628326491,10.2119697724669,9.83487325107737,7.30156423972337,4.27461224669902,1.80102821473996,-1.77319533208462,-0.413027483221693,-3.87220104358339,3.40902444709341,12.9104701991509,3.54597211267264,-3.76879580128202,5.58745776542778,9.22337834222408,6.84632643680272,2.1210253100164
Real interest rate (%),FR.INR.RINR,China,CHN,..,..,..,..,..,..,..,..,..,..,1.22905737660605,2.61760645395072,7.38029465203481,5.93152551218763,2.18728192930244,-2.06864620704208,3.09469930257532,2.68046318014202,-2.76690993093089,2.51581673063437,3.45382567040575,1.79286012956736,0.406518064125153,-3.65038040675863,-8.00770674360062,-1.38428669988859,3.35584231000161,6.86907697641839,7.27661176422659,7.15697314599555,3.67308868578273,3.55921916796861,4.6374989735253,2.59864630092319,-1.31805746144017,1.76511318953532,2.01937450123308,-0.411124456133464,-2.36108572327859,5.39639019800592,-1.04598657931298,-1.34800592549109,3.51038465814056,3.61884518177429,4.46024340812095
Real interest rate (%),FR.INR.RINR,Colombia,COL,..,..,..,..,..,..,..,..,..,..,..,..,..,..,..,..,8.55562592504514,13.8660467988379,11.190274509791,14.2006591439476,-5.09823082650427,15.2865727569671,11.4580593676428,8.35840500361894,14.5466691682475,19.5413245385255,20.9582073177271,14.4388808944533,23.3781484628965,14.919570901239,-11.1379559197299,13.3324808386691,9.77520490167062,7.823797977733,7.27050966250741,9.36261382966903,6.6972959736936,9.67644438040683,8.82101697806746,8.59454735357291,5.3722240266131,4.54296484242238,8.65535095377731,8.90797441037777,8.44294935194344
Real interest rate (%),FR.INR.RINR,Comoros,COM,..,..,..,..,..,..,..,..,..,..,..,..,..,..,..,..,..,..,..,..,..,..,..,..,..,..,..,..,..,9.44741751952568,5.29600704008916,4.28208192777262,7.87646192207169,6.57676442963834,10.5180344513887,11.4539156896043,4.29441020881614,5.20294159167107,7.13147593114977,9.42091628245635,8.67957279121723,7.23404630371887,5.97432741756207,8.59711948415717,9.5849292498849
Real interest rate (%),FR.INR.RINR,"Congo, Dem. Rep.",COD,..,..,..,..,..,..,..,..,..,..,..,..,..,..,..,..,..,..,..,..,..,..,..,..,..,..,..,..,..,..,..,..,..,..,..,..,26.8521672115927,21.8304014342516,14.8694003808125,40.3110300261998,16.1974614240562,39.5052052139538,22.6407148868129,12.6439880829609,15.1552569123836
Real interest rate (%),FR.INR.RINR,"Congo, Rep.",COG,..,..,..,..,..,..,..,..,..,..,..,..,..,..,..,..,..,..,..,..,..,..,..,..,..,..,..,..,..,..,..,..,..,..,..,..,..,..,..,..,..,..,..,..,..
Real interest rate (%),FR.INR.RINR,Costa Rica,CRI,..,..,..,..,..,..,..,..,..,..,..,..,-32.1286215774237,-4.40660921000652,1.11872763178115,0.30814330086904,3.17598100548471,12.419108136438,8.28771467631588,12.0790023487496,11.8169670927404,-15.7177378730942,7.29312940485817,17.7345585193255,15.0041362244295,12.7509362918451,9.73199502323982,6.79872778420192,9.41156716936889,13.2465087318144,14.1690224943206,12.8615666821708,15.1473285623575,13.4978168220013,8.88855321100012,10.3018894838676,8.14628403390159,2.06443515922702,3.95222095886411,9.13571634156822,9.81159318113674,11.0452738948785,12.869664352569,10.1329957065898,8.18791760563068
Real interest rate (%),FR.INR.RINR,Cote d'Ivoire,CIV,..,..,..,..,..,..,..,..,..,..,..,..,..,..,..,..,..,..,..,..,..,..,..,..,..,..,..,..,..,..,..,..,..,..,..,5.76399145289527,3.33183089135264,1.61328996274159,-0.368943717783127,3.72473413500344,3.54338989640227,-0.428915663486719,5.46535041885889,2.34335749341271,0.891700761437536
Real interest rate (%),FR.INR.RINR,Cuba,CUB,..,..,..,..,..,..,..,..,..,..,..,..,..,..,..,..,..,..,..,..,..,..,..,..,..,..,..,..,..,..,..,..,..,..,..,..,..,..,..,..,..,..,..,..,..
Real interest rate (%),FR.INR.RINR,Curacao,CUW,..,..,..,..,..,..,..,..,..,..,..,..,..,..,..,..,..,..,..,..,..,..,..,..,..,..,..,..,..,..,..,..,..,..,..,..,..,..,..,..,..,..,..,..,..
Real interest rate (%),FR.INR.RINR,Cyprus,CYP,..,..,..,..,..,..,..,..,..,..,..,..,..,..,..,..,..,..,..,..,..,..,..,..,..,..,..,..,..,..,..,..,..,..,..,..,..,..,..,..,..,..,..,..,..
Real interest rate (%),FR.INR.RINR,Czechia,CZE,..,..,..,..,..,..,..,..,..,..,..,..,..,..,..,..,..,..,..,..,..,..,..,-5.73344204281665,0.691074579532453,3.38363954755193,2.39677580275877,4.47675776383419,2.70365496897382,5.40074227528591,5.30935765444498,2.15547557271369,3.81700338630022,4.47349835914559,1.89356535889596,5.65220713144792,4.87710352410918,2.15091681482255,4.1414575390881,3.25857708536232,6.404026181808,5.95212889532356,4.00947030915855,3.65186851296449,1.88711079614098
Real interest rate (%),FR.INR.RINR,Denmark,DNK,..,..,..,..,..,..,..,..,..,..,..,..,..,..,..,..,..,..,..,..,..,..,..,..,..,..,..,..,..,..,..,..,..,..,..,..,..,..,..,..,..,..,..,..,..
Real interest rate (%),FR.INR.RINR,Djibouti,DJI,..,..,..,..,..,..,..,..,..,..,..,..,..,..,..,..,..,..,..,..,..,..,..,..,..,..,..,..,..,..,..,..,..,..,..,..,..,..,..,..,..,..,..,..,..
Real interest rate (%),FR.INR.RINR,Dominica,DMA,..,..,..,..,..,..,..,..,..,..,..,..,5.22372604919524,2.78564487220544,4.74148109870277,2.62326434485241,5.06191538307471,5.263422008537,6.46717605813869,2.62857759731145,7.79842790153701,3.31217253546117,6.83638149872111,9.0028711387802,3.68912795014623,10.6334540010122,7.90721104601601,9.58963363711076,8.51613161355086,8.64013416765085,13.7079062404088,-1.87606328340717,8.19534765409003,18.5678417638766,6.71856788606732,12.4134750626009,7.40224178678915,7.77213389286797,8.23446205697451,1.25680163386051,8.4474836589254,6.38570124206449,11.3247132516391,4.08417188443742,6.23440578845497
Real interest rate (%),FR.INR.RINR,Dominican Republic,DOM,..,..,..,..,..,..,..,..,..,..,..,..,..,..,..,..,..,..,..,..,..,-33.356799609324,21.5886662760323,23.7264089986612,16.8300135629979,19.1953097355511,19.3354510903365,10.5720111752171,17.9594395634087,20.4463313517472,18.2628978210493,17.195792402843,17.8861180806125,-1.55455787609965,-8.62150554794135,17.3300499524692,12.0312823228441,7.61220320142881,8.78614560242396,14.2220380608105,6.44271446721705,7.02414672142881,10.0058845221437,8.56630415564352,9.29486724502935
Real interest rate (%),FR.INR.RINR,East Asia & Pacific,EAS,..,..,..,..,..,..,..,..,..,..,..,..,..,..,..,..,..,..,..,..,..,..,..,..,..,..,..,..,..,..,..,..,..,..,..,..,..,..,..,..,..,..,..,..,..
Real interest rate (%),FR.INR.RINR,East Asia & Pacific (excluding high income),EAP,..,..,..,..,..,..,..,..,..,..,..,..,..,..,..,..,..,..,..,..,..,..,..,..,..,..,..,..,..,..,..,..,..,..,..,..,..,..,..,..,..,..,..,..,..
Real interest rate (%),FR.INR.RINR,Ecuador,ECU,..,..,..,..,..,..,..,..,..,..,..,..,..,..,..,..,..,..,..,..,..,..,..,..,..,..,..,..,..,..,..,..,..,..,..,..,..,..,..,..,..,..,..,..,..
Real interest rate (%),FR.INR.RINR,"Egypt, Arab Rep.",EGY,..,..,..,..,..,..,-3.1679145663416,-3.11968024055757,0.565092117486385,-9.31164222576606,0.802685991923364,17.584790467056,-7.80148477362347,2.03007518839485,6.23806586554709,3.06872172815906,1.88245857947696,3.43556713232139,3.1586341957331,-0.67491105497254,1.06753529927353,3.20463879554998,1.67092489009465,9.10124138379186,7.43541940070965,4.55215763100247,7.91322048801275,3.56345275833192,10.3918989204566,11.9358224030606,8.919600974251,11.2145133756356,10.3000319439949,6.32702594810347,1.52690342883876,6.52364099171319,4.88079671789458,-0.0776285947232149,0.107853154662391,0.710036320068467,0.818721618124323,-0.563878053386473,-6.26271950249128,3.29215715258349,0.414129139027758
Real interest rate (%),FR.INR.RINR,El Salvador,SLV,..,..,..,..,..,..,..,..,..,..,..,..,..,..,..,..,..,..,..,..,..,..,..,..,..,..,..,..,..,..,..,..,..,..,..,..,..,..,..,..,..,..,..,..,..
Real interest rate (%),FR.INR.RINR,Equatorial Guinea,GNQ,..,..,..,..,..,..,..,..,..,..,..,..,..,..,..,..,..,..,..,..,..,..,..,..,..,..,..,..,..,..,..,..,..,..,..,..,..,..,..,..,..,..,..,..,..
Real interest rate (%),FR.INR.RINR,Eritrea,ERI,..,..,..,..,..,..,..,..,..,..,..,..,..,..,..,..,..,..,..,..,..,..,..,..,..,..,..,..,..,..,..,..,..,..,..,..,..,..,..,..,..,..,..,..,..
Real interest rate (%),FR.INR.RINR,Ethiopia,ETH,..,..,..,..,..,..,..,..,..,..,..,..,..,..,..,-17.6706566826646,13.2202814485762,12.9094870211446,2.80731501368168,0.393303172891837,2.6421894741989,-10.9874192656981,-6.51958860146293,0.549614539176999,11.0775593051684,2.10898846052289,13.6448984893843,10.2721165510033,10.6661618519202,8.17718734419374,3.83114861098858,17.6354832066922,12.7439479028674,-5.11490798514707,2.97237710473646,-2.61706349192245,-4.08090892794825,-8.29255368104718,-17.1217762401546,..,..,..,..,..,..
Real interest rate (%),FR.INR.RINR,Euro area,EMU,..,..,..,..,..,..,..,..,..,..,..,..,..,..,..,..,..,..,..,..,..,..,..,..,..,..,..,..,..,..,..,..,..,..,..,..,..,..,..,..,..,..,..,..,..
Real interest rate (%),FR.INR.RINR,Europe & Central Asia,ECS,..,..,..,..,..,..,..,..,..,..,..,..,..,..,..,..,..,..,..,..,..,..,..,..,..,..,..,..,..,..,..,..,..,..,..,..,..,..,..,..,..,..,..,..,..
Real interest rate (%),FR.INR.RINR,Europe & Central Asia (excluding high income),ECA,..,..,..,..,..,..,..,..,..,..,..,..,..,..,..,..,..,..,..,..,..,..,..,..,..,..,..,..,..,..,..,..,..,..,..,..,..,..,..,..,..,..,..,..,..
Real interest rate (%),FR.INR.RINR,European Union,EUU,..,..,..,..,..,..,..,..,..,..,..,..,..,..,..,..,..,..,..,..,..,..,..,..,..,..,..,..,..,..,..,..,..,..,..,..,..,..,..,..,..,..,..,..,..
Real interest rate (%),FR.INR.RINR,Faroe Islands,FRO,..,..,..,..,..,..,..,..,..,..,..,..,..,..,..,..,..,..,..,..,..,..,..,..,..,..,..,..,..,..,..,..,..,..,..,..,..,..,..,..,..,..,..,..,..
Real interest rate (%),FR.INR.RINR,Fiji,FJI,..,..,..,..,..,..,..,..,..,..,..,..,..,..,..,..,..,..,..,..,..,..,5.77887343066798,4.33787467123242,10.5264654815293,9.99411055447765,8.03928867641186,7.49017956978627,2.03699853753492,1.90572255876292,13.7671667883141,4.93889290541308,4.63466366292055,-0.0931103266439094,4.86842645405657,0.126377029737761,3.47307598853979,5.80554474941767,5.71579703642263,6.37407702274129,3.12757274426509,-1.7599951854395,3.30823157641272,2.39663949635747,-5.99464056019461
Real interest rate (%),FR.INR.RINR,Finland,FIN,..,..,..,..,..,..,..,..,..,..,..,..,..,..,..,..,..,..,..,..,..,..,..,..,..,..,..,..,..,..,..,..,..,..,..,..,..,..,..,..,..,..,..,..,..
Real interest rate (%),FR.INR.RINR,Fragile and conflict affected situations,FCS,..,..,..,..,..,..,..,..,..,..,..,..,..,..,..,..,..,..,..,..,..,..,..,..,..,..,..,..,..,..,..,..,..,..,..,..,..,..,..,..,..,..,..,..,..
Real interest rate (%),FR.INR.RINR,France,FRA,..,..,..,..,..,..,..,..,..,..,..,..,..,..,..,..,..,..,..,..,..,..,..,..,..,..,..,..,..,..,..,..,..,..,..,..,..,..,..,..,..,..,..,..,..
Real interest rate (%),FR.INR.RINR,French Polynesia,PYF,..,..,..,..,..,..,..,..,..,..,..,..,..,..,..,..,..,..,..,..,..,..,..,..,..,..,..,..,..,..,..,..,..,..,..,..,..,..,..,..,..,..,..,..,..
Real interest rate (%),FR.INR.RINR,Gabon,GAB,..,..,..,..,..,..,..,..,..,..,..,..,..,..,..,..,..,..,..,..,..,..,..,..,..,..,..,..,..,..,..,..,..,..,..,..,..,..,..,..,..,..,..,..,..
Real interest rate (%),FR.INR.RINR,"Gambia, The",GMB,..,..,..,..,..,..,..,..,..,..,..,..,..,..,..,-17.8854799949264,-8.90768226230317,7.94836522358602,18.0805883345672,11.5149952507673,12.9822062108341,-45.9484570813722,24.3256122236336,19.9168235532368,20.4501212728142,20.2748721929645,15.8084862644583,33.4667922576171,18.9382733066604,27.0954013360694,21.3105658477455,21.8009596150585,12.3276471183113,14.5618019700946,-29.7080592355656,29.5857607936758,28.0808453037745,22.5081465077466,23.9316435246054,21.5156286283877,20.2146854118755,22.4035581485361,23.2604386536329,20.830941492836,22.1346787273183
Real interest rate (%),FR.INR.RINR,Georgia,GEO,..,..,..,..,..,..,..,..,..,..,..,..,..,..,..,..,..,..,..,..,..,..,..,..,..,..,..,..,..,..,..,..,..,19.6559499381247,12.5915017351008,8.90886137260649,7.94206278552402,6.959698540142,7.7120416623527,20.4386061695395,-0.0524161381825589,5.33421645154784,14.4751367835711,14.3391997951601,6.99857918583667
Real interest rate (%),FR.INR.RINR,Germany,DEU,..,..,..,..,..,..,..,..,..,..,..,..,..,..,..,..,..,..,..,..,..,..,..,..,..,..,..,..,..,..,..,..,..,..,..,..,..,..,..,..,..,..,..,..,..
Real interest rate (%),FR.INR.RINR,Ghana,GHA,..,..,..,..,..,..,..,..,..,..,..,..,..,..,..,..,..,..,..,..,..,..,..,..,..,..,..,..,..,..,..,..,..,..,..,..,..,..,..,..,..,..,..,..,..
Real interest rate (%),FR.INR.RINR,Greece,GRC,..,..,..,..,..,..,..,..,..,..,..,..,..,..,..,..,..,..,..,..,..,..,..,..,..,..,..,..,..,..,..,..,..,..,..,..,..,..,..,..,..,..,..,..,..
Real interest rate (%),FR.INR.RINR,Greenland,GRL,..,..,..,..,..,..,..,..,..,..,..,..,..,..,..,..,..,..,..,..,..,..,..,..,..,..,..,..,..,..,..,..,..,..,..,..,..,..,..,..,..,..,..,..,..
Real interest rate (%),FR.INR.RINR,Grenada,GRD,..,..,..,..,..,..,..,..,..,..,..,..,7.83562909983874,10.7817513344241,5.35872892371272,4.27908842563778,8.78350937397889,7.84731697327658,5.2116460530868,3.05430969013843,12.3075851339753,5.27992086903399,7.70259948491636,9.76503645777802,7.59495339411635,7.78452204067865,7.12835236156298,9.28555185844833,9.82387783832158,10.3832369979845,8.4930103677685,7.87371781001669,10.8965308423077,12.1346396745791,7.99137765738598,7.39131272579977,4.98861196232189,7.26792403678251,1.55891637090333,11.0040426570786,10.0470160967526,10.4380374487312,5.58064548514391,6.16684561719863,8.34606768150651
Real interest rate (%),FR.INR.RINR,Guam,GUM,..,..,..,..,..,..,..,..,..,..,..,..,..,..,..,..,..,..,..,..,..,..,..,..,..,..,..,..,..,..,..,..,..,..,..,..,..,..,..,..,..,..,..,..,..
Real interest rate (%),FR.INR.RINR,Guatemala,GTM,..,..,..,..,..,..,..,..,..,..,..,..,..,..,..,..,..,..,..,..,..,..,..,..,..,..,..,9.58841269281907,6.44892642783158,13.7756036385926,13.1531750593886,26.0278452141985,9.76338136820481,10.0574083332612,7.34454924202278,6.96981805724988,7.41195297211511,5.34126630243767,3.64159234246354,9.8928320985951,7.80319865201801,6.11382983166567,9.77861845512877,9.90640791465114,10.6094898170843
Real interest rate (%),FR.INR.RINR,Guinea,GIN,..,..,..,..,..,..,..,..,..,..,..,..,..,..,..,..,-32.8072595026434,-9.6338135045462,-5.46933012320173,-4.14139694492227,3.31472769458219,-1.04807224650043,0.617798331592909,23.666786029417,20.2823658432913,14.6752857952247,19.1578573730594,18.7963104334133,15.7153796860059,15.0126390589196,12.2999631183486,10.9310156857046,..,..,..,..,..,..,..,..,..,..,..,..,..
Real interest rate (%),FR.INR.RINR,Guinea-Bissau,GNB,..,..,..,..,..,..,..,..,..,..,..,..,..,..,..,..,..,..,..,..,..,..,..,..,..,..,..,..,..,..,..,..,..,..,..,..,9.37799743814337,-1.16859705966585,-6.89817091492966,9.15282226024625,-0.0966422791036062,-2.9478277560276,5.06776733223575,6.27830634064677,3.98901618806403
Real interest rate (%),FR.INR.RINR,Guyana,GUY,..,..,..,..,..,..,..,..,..,..,..,8.77822075361594,9.6571076114666,5.58238431490909,-3.5896120880842,0.427823490340527,2.41032706172447,-27.5411725608318,-6.93663234888924,-54.6984164302584,-15.145686150901,-43.0581813435781,15.6214197259086,2.06207171513902,1.53418484933056,6.11320586697944,13.3384742130303,15.3789556135872,13.3994316286384,5.30329961137331,10.0534953418167,16.6319781955821,13.3564755150324,9.81042651108704,7.27362353382847,6.41851576086262,-58.3271742993337,5.91420681228497,4.58925923220444,13.2356719952726,10.1656425967412,11.7587764160363,8.72119167293918,14.1124191336406,15.260022323101
Real interest rate (%),FR.INR.RINR,Haiti,HTI,..,..,..,..,..,..,..,..,..,..,..,..,..,..,..,..,..,..,..,..,..,..,..,..,-29.4866399341595,-2.56083209659728,9.1880098802986,1.36214803460204,1.39507568107908,7.53269346398112,-39.1298223703371,4.0633448058504,7.00096374173276,4.42753781592066,4.94294278231208,11.926604532383,11.3183065025137,18.2217518685271,4.55815126209532,5.13227968274662,9.39331785940299,6.98736420255494,0.671275931527155,0.597120820636305,8.36864815964039
Real interest rate (%),FR.INR.RINR,Heavily indebted poor countries (HIPC),HPC,..,..,..,..,..,..,..,..,..,..,..,..,..,..,..,..,..,..,..,..,..,..,..,..,..,..,..,..,..,..,..,..,..,..,..,..,..,..,..,..,..,..,..,..,..
Real interest rate (%),FR.INR.RINR,High income,HIC,..,..,..,..,..,..,..,..,..,..,..,..,..,..,..,..,..,..,..,..,..,..,..,..,..,..,..,..,..,..,..,..,..,..,..,..,..,..,..,..,..,..,..,..,..
Real interest rate (%),FR.INR.RINR,Honduras,HND,..,..,..,..,..,..,..,..,..,..,..,..,17.6611295681066,17.0723618090456,13.3519607843137,13.3369426751589,12.7067490984026,10.0964040255278,9.41288407821224,11.0810483870972,17.207537012113,19.9379139072845,15.1264619883043,15.133037825059,27.2316646562123,21.948493626883,25.8056835205994,25.4421913909641,27.9612042842215,32.0847746553552,19.5951891666667,14.5070191720073,16.7023341391042,14.2250659198217,12.6107713947499,10.7680920759953,11.4742824482469,9.35938603880539,9.4128441222212,10.9529575160613,13.5547928877014,9.9718069923307,14.3569629848232,18.4532824160285,12.8806218683924
Real interest rate (%),FR.INR.RINR,"Hong Kong SAR, China",HKG,..,..,..,..,..,..,..,..,..,..,..,..,..,..,..,..,..,..,..,..,2.26380820700539,0.253130861393986,-2.33485669940919,-1.94542307338842,0.991101549258895,4.56724354318141,2.49058041653546,2.96487847579654,8.57139473970503,13.1336571276039,13.1100254097013,8.77340518056427,8.80559662708679,11.7113271019205,8.93247030006136,6.36798461419555,8.49698304535722,4.29043309332348,3.98001331479989,5.3956557139453,4.71659616207754,1.06077937537636,1.40537380606836,3.13078890351097,2.09016381568074
Real interest rate (%),FR.INR.RINR,Iceland,ISL,..,..,..,..,..,..,..,..,..,..,..,..,-4.32576470088832,-19.4890464194525,-3.18994623549439,0.390247529078307,-4.66442056361512,5.55401395098893,5.79826185978375,4.14936066567063,0.878499339510165,8.44488112515763,9.28059589467956,12.0556448422267,7.76123548228582,8.33588957345421,9.62742540454025,9.83185170663752,7.74002969779021,9.51752837779283,12.3391118895253,8.53310455173194,8.97704501830193,11.404816915384,9.11200643092098,11.4977125901494,8.49315836519026,14.3680076054447,7.09714948319102,7.16886842103478,3.47714926289777,4.10372607685264,4.65380034736879,5.52103760751964,3.38736612119123
Real interest rate (%),FR.INR.RINR,India,IND,..,..,..,..,..,..,..,..,10.7746313302481,-1.06114574577495,4.47650826090093,5.11823674143201,7.77470724439598,7.32098668508481,7.94709992039818,8.68167358478664,9.09322414508824,6.56018009415452,7.63863299594509,7.43584324824212,5.26952699827423,3.62471659575062,9.1327494058766,5.81477651213036,4.33710973757939,5.86417810908186,7.79299430029867,6.90957899531884,5.1212763287722,9.19124732238965,8.34261083140927,8.59144929637163,7.90717718897463,7.30788116038414,4.9101283033462,4.85514517186609,2.5706067017683,5.68184406453711,3.77175624965394,4.80859210766597,-1.98385922139866,1.31798086194015,2.47352048880901,3.86599286270871,6.69517609043592
Real interest rate (%),FR.INR.RINR,"Iran, Islamic Rep.",IRN,..,..,..,..,..,..,..,..,..,..,..,..,..,..,..,..,..,..,..,..,..,..,..,..,..,..,..,..,..,..,..,..,..,..,-6.46167586205947,-3.46702474568299,-0.508448114375972,-8.89795418340126,-6.21492024510556,7.07608797972097,-3.35048152380658,-16.797550089526,-6.68652747407881,-18.8451930586967,3.86413888968698
Real interest rate (%),FR.INR.RINR,Iraq,IRQ,..,..,..,..,..,..,..,..,..,..,..,..,..,..,..,..,..,..,..,..,..,..,..,..,..,..,..,..,..,..,..,..,..,..,-3.44545528691039,-16.5153940840534,-7.05304688818081,3.79616043966188,-8.4197228819977,44.3309717275955,-1.92209457308135,-8.46792182914735,10.9065508616124,13.5878727603533,18.2890590602934
Real interest rate (%),FR.INR.RINR,Ireland,IRL,..,..,..,..,..,..,..,..,..,..,..,..,..,..,..,..,..,..,..,..,..,..,..,..,..,..,..,..,..,..,..,..,..,..,..,..,..,..,..,..,..,..,..,..,..
Real interest rate (%),FR.INR.RINR,Isle of Man,IMN,..,..,..,..,..,..,..,..,..,..,..,..,..,..,..,..,..,..,..,..,..,..,..,..,..,..,..,..,..,..,..,..,..,..,..,..,..,..,..,..,..,..,..,..,..
Real interest rate (%),FR.INR.RINR,Israel,ISR,..,..,..,..,..,..,..,..,..,..,..,..,..,..,..,..,..,..,..,..,..,..,..,..,..,..,..,..,..,..,..,..,..,..,..,..,..,..,..,..,..,..,..,2.49676376880273,3.10704129759424
Real interest rate (%),FR.INR.RINR,Italy,ITA,..,..,..,..,..,..,..,..,..,..,..,..,..,..,..,..,..,..,..,8.29134831261997,5.45217627440228,6.58579709161836,11.6470446102278,10.3400713930796,8.15255757898473,7.92064436703085,8.09171147944912,7.76771057375746,6.12939454545917,4.79735240444797,5.17582390639849,4.09820217486432,3.12811622868189,2.58132814975126,2.80270189389167,3.16379060277756,3.33205306061278,3.77483941993744,4.32862903554889,2.93215777941709,3.41342018267074,2.82160353555801,3.46119744979934,3.97364793630999,3.92865782875133
Real interest rate (%),FR.INR.RINR,Jamaica,JAM,..,..,..,..,..,..,2.36180738031921,1.21659354942407,-10.1844178038291,-1.66205378463465,-2.24424896041031,7.14889215886995,7.49994070329446,0.00732712887282096,-12.7907091877854,-2.81105227200041,0.377481935317267,13.1959300782386,11.7220910106421,11.4339839432066,4.3029507529858,-8.57405786098511,-9.51239671207655,-5.95180111656721,13.9963685936585,14.6898926728643,17.6341273166968,21.2168081863988,19.0028612161605,18.7894494338485,11.5395515064135,11.8731499272951,8.63355883644037,6.50631402513119,4.67744637369713,5.28586692559173,8.07942403538198,5.27905752879978,2.88781677163355,4.27696229203702,9.6932844334253,12.9618004413556,10.3745623878594,8.57867632078009,9.62037591085
Real interest rate (%),FR.INR.RINR,Jordan,JOR,..,..,..,..,..,..,..,..,..,..,..,..,..,..,..,..,..,..,..,..,..,..,..,..,..,..,..,10.9579526795186,6.23065063805359,12.7466134218609,12.263792349828,10.0838838062209,9.16988049807548,6.99911416680844,5.00662804674494,5.4900361978485,-2.23328555079655,3.4533894775559,-11.8076616278916,5.89858086102656,0.875955637487539,2.64640624425562,3.99019709985347,2.70046942578587,5.36000685759248
Real interest rate (%),FR.INR.RINR,Kazakhstan,KAZ,..,..,..,..,..,..,..,..,..,..,..,..,..,..,..,..,..,..,..,..,..,..,..,..,..,..,..,..,..,..,..,..,..,..,..,..,..,..,..,..,..,..,..,..,..
Real interest rate (%),FR.INR.RINR,Kenya,KEN,..,20.0693863331071,7.70192699084449,-1.09237705780837,-5.64352717003773,-1.64090565817068,-7.49008375542714,-5.90233636175517,6.71220181261041,4.12856107261762,0.942589237731978,1.41050608362634,2.60541241415496,3.57239445099436,3.835120318781,5.25753765155904,4.86449504635582,8.15738963669798,8.02623231888559,6.81521193479502,7.33279706635565,5.74551264802526,1.82532918773243,3.41347240700279,16.4281098918437,15.8016483365158,-5.77658854011697,16.8795684948995,21.0963260259133,17.4540487833673,15.3274334465867,17.8125009681692,17.3581406445428,9.77051092711816,5.04525759665483,7.6099875458817,-8.00986697136361,4.8190907881851,-0.984996972294316,-10.0960035655484,12.526958492458,4.52618583226899,9.31351134458285,9.29394635969952,8.24907899217325
Real interest rate (%),FR.INR.RINR,Kiribati,KIR,..,..,..,..,..,..,..,..,..,..,..,..,..,..,..,..,..,..,..,..,..,..,..,..,..,..,..,..,..,..,..,..,..,..,..,..,..,..,..,..,..,..,..,..,..
Real interest rate (%),FR.INR.RINR,"Korea, Dem. People's Rep.",PRK,..,..,..,..,..,..,..,..,..,..,..,..,..,..,..,..,..,..,..,..,..,..,..,..,..,..,..,..,..,..,..,..,..,..,..,..,..,..,..,..,..,..,..,..,..
Real interest rate (%),FR.INR.RINR,"Korea, Rep.",KOR,..,..,..,..,..,..,..,..,..,..,..,..,..,..,..,..,..,..,..,..,..,..,..,..,..,..,6.81075611229248,7.71806095927101,10.3168076677618,10.8949040050841,7.54111863718284,4.02519600370863,3.64966247633618,2.57995467101811,2.55986121207347,4.40527011082801,6.16075413094103,3.9416601586454,4.10863165815276,2.07481127238993,2.71883334374472,4.42580144247274,4.05140294190715,3.52829393471496,3.17863075274962
Real interest rate (%),FR.INR.RINR,Kosovo,XKX,..,..,..,..,..,..,..,..,..,..,..,..,..,..,..,..,..,..,..,..,..,..,..,..,..,..,..,..,..,..,..,..,..,..,..,..,..,..,..,17.7250694690864,7.49436222856692,7.02819308420878,8.82916677524908,11.4265227251928,8.87148961121219
Real interest rate (%),FR.INR.RINR,Kuwait,KWT,..,..,..,..,..,..,..,..,..,-24.8310075021287,-23.950790534193,-1.82519064998356,8.55601407446131,19.430440346403,8.20130008534902,3.70035920617746,46.2047628494927,-2.63653517879037,3.64654807558632,10.2746157326652,7.91138361833984,8.64840457931823,6.05003532925068,16.56318030456,14.3194279455116,3.35588338788477,-5.83446473138292,14.1806914342445,31.492300238803,-8.06820439322686,-9.6704929718029,16.9080708625822,1.26860694637141,0.472936584616585,-5.14911494169832,-11.7209779616469,-6.53955129884658,4.05428824689839,-9.31204874289532,28.1580797496703,-5.11388020101944,-10.2658861203424,-2.3290768340531,4.32863196223952,11.8255806947688
Real interest rate (%),FR.INR.RINR,Kyrgyz Republic,KGZ,..,..,..,..,..,..,..,..,..,..,..,..,..,..,..,..,..,..,..,..,..,..,..,..,..,..,20.1214953035123,36.8133322382462,43.8735286577185,15.5821030518221,23.0504023504157,30.5208226843649,33.1909431985992,19.3088319359134,17.3474659329609,13.4139691077023,12.5060712286622,7.2617270844158,3.01911801387191,21.7404009845759,12.4380443270698,1.05898880178791,13.1975919145231,17.5905886868653,10.8087183257949
Real interest rate (%),FR.INR.RINR,Lao PDR,LAO,..,..,..,..,..,..,..,..,..,..,..,..,..,..,..,..,..,..,..,..,..,11.5322975960672,18.8748310698842,12.7244940151669,15.1339966267919,5.00030693754611,11.6726867165806,..,-29.9321360017185,-42.0986518389708,5.77111514812214,15.8895002535025,21.6471039611153,15.0285558900744,16.7670969391649,16.746094301747,17.3231183051721,19.6035461645257,13.9041609220754,28.5440047397464,12.2860349478632,..,..,..,..
Real interest rate (%),FR.INR.RINR,Latin America & Caribbean,LCN,..,..,..,..,..,..,..,..,..,..,..,..,..,..,..,..,..,..,..,..,..,..,..,..,..,..,..,..,..,..,..,..,..,..,..,..,..,..,..,..,..,..,..,..,..
Real interest rate (%),FR.INR.RINR,Latin America & Caribbean (excluding high income),LAC,..,..,..,..,..,..,..,..,..,..,..,..,..,..,..,..,..,..,..,..,..,..,..,..,..,..,..,..,..,..,..,..,..,..,..,..,..,..,..,..,..,..,..,..,..
Real interest rate (%),FR.INR.RINR,Least developed countries: UN classification,LDC,..,..,..,..,..,..,..,..,..,..,..,..,..,..,..,..,..,..,..,..,..,..,..,..,..,..,..,..,..,..,..,..,..,..,..,..,..,..,..,..,..,..,..,..,..
Real interest rate (%),FR.INR.RINR,Lebanon,LBN,..,..,..,..,..,..,..,..,..,..,..,..,..,..,..,..,..,..,..,-19.1534495635462,21.1603986914577,-6.53197211363674,-28.9859085955083,3.03449089645826,14.8418447445107,12.6598786229159,23.0692546362486,7.83817676370668,..,18.5149837363971,20.6704111826383,19.0041604591432,11.1143538415068,11.6659461144041,12.193543974622,11.8278432418899,9.29737692053858,6.90653319376657,2.2605863711327,-0.649418007495568,7.71342952159741,4.43103560124521,-0.220386928994347,4.64998466079079,7.16134867411629
Real interest rate (%),FR.INR.RINR,Lesotho,LSO,..,..,..,..,..,..,..,..,..,..,-21.5323118670721,2.15219962613567,22.9671583626861,3.45996255386391,8.76977302947168,0.80777114725257,-2.44002223365558,-0.546631960397917,-5.34175170846554,3.40538181109838,7.52073324108308,1.84403733169397,3.78361242449648,4.07497038599581,6.01611410971887,3.15421991525395,11.0434561660347,8.26864794678765,9.22494563694946,10.1092396098364,10.170673769546,4.55815241604452,2.54193637374055,13.2529719923974,2.53156706387884,5.4698526687945,2.60709823608142,22.3046168001399,-0.456542828028594,10.410831910183,5.58719510638191,0.916378131096873,7.7676253345162,-0.326347464909588,-3.24084954531811
Real interest rate (%),FR.INR.RINR,Liberia,LBR,..,..,..,..,..,..,..,..,..,..,..,13.9618848948486,13.022989742977,24.2346568089697,14.5894006329051,17.9435457066638,13.9113218552071,-2.7503675908279,4.03860516064172,10.2126156086815,..,8.04274198024498,16.2863838393719,..,8.71488904210354,8.50242012095618,9.32478548439716,29.8182868676903,30.4339741438394,15.6577151434054,-21.6404016302847,21.2668474893726,21.9027743320639,1.33768082403664,1.05850813324589,16.4626540989673,5.83463167329262,2.70359552564356,-2.49587309434251,17.3828166383397,7.25786394321447,2.54895433981956,5.30735347778052,8.37898966744894,12.5808439342769
Real interest rate (%),FR.INR.RINR,Libya,LBY,6.91233145000445,-11.1322985860314,5.6173124440815,-12.6674712041241,-24.3706558211634,14.349193772206,1.28476043763656,-0.827647433089709,11.9937123795116,-15.4852479699912,-19.6709765372403,-2.64759423745835,18.520089628145,6.11371640640418,14.443483297375,8.35725391258222,16.0998871022736,-11.5014602439592,30.131160696395,5.87994026184163,2.1942988851036,12.7827480766366,-2.01205941242668,5.2795816030666,..,..,..,..,..,-17.6786042587428,-5.56617858109322,-0.172482038272866,-15.9117736358803,-6.43791546245998,-13.475766084563,-17.456455741053,-11.1515992762555,3.47582503654986,-14.3153031027785,41.0461028132496,-11.1323837030052,-14.7517670767541,0.0170496009954675,5.90956134488155,7.07784993842523
Real interest rate (%),FR.INR.RINR,Liechtenstein,LIE,..,..,..,..,..,..,..,..,..,..,..,..,..,..,..,..,..,..,..,..,..,..,..,..,..,..,..,..,..,..,..,..,..,..,..,..,..,..,..,..,..,..,..,..,..
Real interest rate (%),FR.INR.RINR,Low & middle income,LMY,..,..,..,..,..,..,..,..,..,..,..,..,..,..,..,..,..,..,..,..,..,..,..,..,..,..,..,..,..,..,..,..,..,..,..,..,..,..,..,..,..,..,..,..,..
Real interest rate (%),FR.INR.RINR,Low income,LIC,..,..,..,..,..,..,..,..,..,..,..,..,..,..,..,..,..,..,..,..,..,..,..,..,..,..,..,..,..,..,..,..,..,..,..,..,..,..,..,..,..,..,..,..,..
Real interest rate (%),FR.INR.RINR,Lower middle income,LMC,..,..,..,..,..,..,..,..,..,..,..,..,..,..,..,..,..,..,..,..,..,..,..,..,..,..,..,..,..,..,..,..,..,..,..,..,..,..,..,..,..,..,..,..,..
Real interest rate (%),FR.INR.RINR,Luxembourg,LUX,..,..,..,..,..,..,..,..,..,..,..,..,..,..,..,..,..,..,..,..,..,..,..,..,..,..,..,..,..,..,..,..,..,..,..,..,..,..,..,..,..,..,..,..,..
Real interest rate (%),FR.INR.RINR,"Macao SAR, China",MAC,..,..,..,..,..,..,..,..,..,..,..,..,..,..,..,..,0.839026008620661,-4.5890975568388,-0.728974762784127,-1.71043744583015,-0.474511835224192,-2.00166912778094,-6.52740820485604,-2.77214491874846,1.12471322180186,1.58795129819254,7.12787510407958,7.9348545916688,13.184244200743,10.770280997789,11.8389008339836,9.60559218756838,7.54058488307433,5.94903262397945,4.00624936484718,1.40397652012113,0.943370630990643,-0.872348892685343,-4.22016587632612,4.30456168484241,0.422339701561774,-2.07966492969947,-1.58538824278756,-2.31351620342181,-3.19806913215582
Real interest rate (%),FR.INR.RINR,North Macedonia,MKD,..,..,..,..,..,..,..,..,..,..,..,..,..,..,..,..,..,..,..,..,..,..,..,..,..,..,..,..,..,..,..,..,..,..,..,7.26516846748912,8.04240569577009,5.65016796689051,4.49410787776229,10.8427361033363,8.48142548946223,5.66722821086818,7.98522175537971,3.83126684806821,6.22806707902019
Real interest rate (%),FR.INR.RINR,Madagascar,MDG,..,..,..,..,..,..,..,..,..,..,..,..,..,..,..,..,..,..,..,12.1386915034077,12.4633072894145,15.6023480442311,9.10619017294978,14.2377446689439,-7.70860389606109,-9.58288000509817,13.1421812977142,24.7304736070804,19.5744623105424,18.7153815222344,13.7174855381102,16.2931365294902,7.51209032468099,26.4039290162197,9.30772986434688,6.34583697690706,15.694725625404,27.1897603026669,33.9705614852236,35.2476423678686,32.464101444736,38.1513429866634,48.0332440256903,50.7601031926022,49.908503144345
Real interest rate (%),FR.INR.RINR,Malawi,MWI,..,..,..,..,..,..,..,..,..,..,..,1.79910460481817,8.0580694890485,6.38638035477414,3.3057348877766,8.66987793439625,4.83723938954555,2.37837678581056,-6.74474331692276,0.400388506841953,9.34306140311807,8.40861076068323,7.70113907554954,1.03401084789278,3.82662019274891,-16.8639759965836,-4.60286042035217,6.13659913024733,15.155514170711,9.94522661374334,17.3066437425268,24.3142780878701,-29.221362601701,34.9541770436317,19.1444084717294,20.1750469498236,10.2384104629546,22.6855094388768,11.8904566457614,16.0798939006844,11.1460693568346,8.56192815281727,12.4873563820767,14.9275379042831,19.2778710228731
Real interest rate (%),FR.INR.RINR,Maldives,MDV,..,..,..,..,..,..,..,..,..,..,..,..,..,..,..,..,..,..,..,..,..,..,..,..,..,10.1426241975486,6.05010056640602,6.61642811237456,12.2657073577698,6.23189600181905,7.34143644012808,-27.4166580778601,9.375668973329,6.92865721314521,0.156737198386501,3.2746603469194,0.671075441542563,-0.414694163040783,-1.17685851570043,-2.11403300453779,6.8047683211937,-1.91496180491818,3.34229605974468,4.12891940022525,7.002895788903
Real interest rate (%),FR.INR.RINR,Mali,MLI,..,..,..,..,..,..,..,..,..,..,..,..,..,..,..,..,..,..,..,..,..,..,..,..,..,..,..,..,..,..,..,..,..,..,..,-2.6970599167177,-0.844251721914726,-1.49014626957217,-1.19833118557014,-0.99786460571558,0.870098872074796,-6.42720610583686,0.176023562950839,5.62291518418872,3.45332646213888
Real interest rate (%),FR.INR.RINR,Malta,MLT,..,..,..,..,..,..,..,..,..,..,..,..,..,..,..,..,..,..,..,..,..,..,..,..,..,-1.19576407136553,6.29982115104794,7.15164518643646,6.61514857868981,7.1133869000566,19.0603598293174,2.42157207017944,3.31823037822107,3.73787026736921,2.74208801723038,3.47605559696748,3.30678684629658,3.91017441115258,2.43343973474153,2.1756331353625,1.78501027358905,3.21552535538766,2.48810222079104,2.39581978456921,..
Real interest rate (%),FR.INR.RINR,Marshall Islands,MHL,..,..,..,..,..,..,..,..,..,..,..,..,..,..,..,..,..,..,..,..,..,..,..,..,..,..,..,..,..,..,..,..,..,..,..,..,..,..,..,..,..,..,..,..,..
Real interest rate (%),FR.INR.RINR,Mauritania,MRT,..,..,..,..,..,..,..,..,..,..,5.11748619340702,4.41420072930484,1.73867965059782,4.42325849769362,0.980405516439708,1.59197731703317,4.41892337951986,1.39221663844606,6.27880487505703,1.87437283690139,7.16810683733801,-22.2137153965757,9.54341336426198,5.0668415641007,6.36771960627812,17.0080577952105,19.775689396383,8.85367289873861,5.95043566244897,22.1671078438945,18.0831778791942,15.7553753539872,13.3863439088126,15.8055650125191,9.07038269384552,7.41637650601742,8.685112421966,13.4113924372068,8.68617782492596,19.9304642613006,-4.36736176668678,-0.465994039346579,16.469090603489,11.974614816861,32.7679508377827
Real interest rate (%),FR.INR.RINR,Mauritius,MUS,..,..,..,..,..,..,..,..,..,..,-11.7086359300282,1.19389678333539,4.1425182120692,6.12950195020977,5.38444814562333,5.20687013860309,5.84208741997991,1.07160491773993,3.67211272719993,4.57231297786447,6.70657062855935,8.46108967024457,11.1713313124167,6.74153148096962,11.600756616661,14.6193837777929,12.9067229564497,13.1238550906306,12.1098108428042,14.1248170605401,16.7884303740482,13.9996916174655,13.915284709286,14.5581732878163,13.2476865148681,16.4443284835691,8.82383222896973,12.5113551099319,5.73390295522839,9.84952916312304,7.74320835282801,5.60683420858278,6.03181852733148,4.45008067460016,6.15125916322716
Real interest rate (%),FR.INR.RINR,Mexico,MEX,..,..,..,..,..,..,..,..,..,..,..,..,..,..,..,..,..,..,..,..,..,..,..,-17.2485708602521,10.0953390422856,14.8566758536659,7.64743965456214,3.74260655837951,9.19688961880313,7.30444482115276,5.62825957284796,5.9376464525908,2.56725076182637,2.63026612664734,-0.62812236257935,3.59826026000135,1.3238319710294,1.35029773940963,2.25320067552938,1.73076519097887,0.869831510540792,-0.718087414556666,0.132595617614182,2.52394547437684,-0.782518932664159
Real interest rate (%),FR.INR.RINR,"Micronesia, Fed. Sts.",FSM,..,..,..,..,..,..,..,..,..,..,..,..,..,..,..,..,..,..,..,..,..,..,..,..,..,13.3132956903849,12.8972176668198,14.2680164830528,11.6405799249077,16.101276760421,14.1378802652973,14.0656408454823,15.1688324709744,15.4265735709622,14.2603923935184,14.0483640717388,14.1416800312353,10.5398502492283,8.78440718040103,9.62707848916267,11.046176978206,12.4254440945492,6.79993463325364,15.0196456382849,12.2826920093434
Real interest rate (%),FR.INR.RINR,"Middle East, North Africa, Afghanistan & Pakistan",MEA,..,..,..,..,..,..,..,..,..,..,..,..,..,..,..,..,..,..,..,..,..,..,..,..,..,..,..,..,..,..,..,..,..,..,..,..,..,..,..,..,..,..,..,..,..
Real interest rate (%),FR.INR.RINR,"Middle East, North Africa, Afghanistan & Pakistan (excluding high income)",MNA,..,..,..,..,..,..,..,..,..,..,..,..,..,..,..,..,..,..,..,..,..,..,..,..,..,..,..,..,..,..,..,..,..,..,..,..,..,..,..,..,..,..,..,..,..
Real interest rate (%),FR.INR.RINR,Middle income,MIC,..,..,..,..,..,..,..,..,..,..,..,..,..,..,..,..,..,..,..,..,..,..,..,..,..,..,..,..,..,..,..,..,..,..,..,..,..,..,..,..,..,..,..,..,..
Real interest rate (%),FR.INR.RINR,Moldova,MDA,..,..,..,..,..,..,..,..,..,..,..,..,..,..,..,..,..,..,..,..,..,..,..,..,..,1.46858587182734,6.89444895978897,18.5080142943868,19.516656455887,-3.0380708248234,5.06398953898559,14.8140125383154,12.4688960547496,3.85074370605451,11.9933288814659,9.0692458578458,4.15294417758929,2.51601878178444,10.8197163401692,17.9846181479641,-12.7114067207707,5.77428512369844,5.57968418273751,8.05427757577723,5.58218922393701
Real interest rate (%),FR.INR.RINR,Monaco,MCO,..,..,..,..,..,..,..,..,..,..,..,..,..,..,..,..,..,..,..,..,..,..,..,..,..,..,..,..,..,..,..,..,..,..,..,..,..,..,..,..,..,..,..,..,..
Real interest rate (%),FR.INR.RINR,Mongolia,MNG,..,..,..,..,..,..,..,..,..,..,..,..,..,..,..,..,..,..,..,..,..,..,..,..,..,..,..,..,50.9791099000427,29.8755875222241,22.2795270696795,24.3565503058999,27.401584080924,19.6578061535576,12.6674725571455,8.71984237557576,4.05599556329609,9.13723601081973,-0.712580739501003,19.484338531706,-13.7301743093317,1.2944583627867,4.72533131942512,15.1340978367254,10.7740524626641
Real interest rate (%),FR.INR.RINR,Montenegro,MNE,..,..,..,..,..,..,..,..,..,..,..,..,..,..,..,..,..,..,..,..,..,..,..,..,..,..,..,..,..,..,..,..,..,..,..,7.74311824845791,1.10710126492549,-5.67904013657606,1.21847161316059,6.87787334372894,7.56823866679139,9.31229714118437,9.15402378077806,7.64803421828526,8.18410578491782
Real interest rate (%),FR.INR.RINR,Morocco,MAR,..,..,..,..,..,..,..,..,..,..,..,..,..,..,..,..,..,..,..,..,..,..,..,..,..,..,..,..,..,..,..,..,..,..,..,..,..,..,..,..,..,..,..,..,..
Real interest rate (%),FR.INR.RINR,Mozambique,MOZ,..,..,..,..,..,..,..,..,..,..,..,..,..,..,..,..,..,..,..,..,..,..,..,..,..,..,..,17.5689623803125,17.1385650626075,9.81496970344474,6.65105677994375,6.92363842161013,15.3657173967048,20.3105198393948,15.3890529465582,11.307183626812,10.329285233891,11.2448561215595,12.512453700722,13.9983258157256,8.00540705848518,16.3668897938917,13.2185859800857,12.3968931031658,13.5647500969582
Real interest rate (%),FR.INR.RINR,Myanmar,MMR,..,..,..,..,..,..,..,..,..,..,..,..,..,..,..,..,..,..,..,..,..,..,..,..,-1.45188073550965,0.591006433392378,-2.21867392773399,-10.0800555519514,-11.4246420474345,-2.27847768618279,15.9156494626897,-5.11270269614897,-16.2868801749837,-1.68884596726902,14.3438692782131,-0.5890992343959,-1.24123727981462,-2.20053800996142,6.42889038450246,15.2981426068898,12.9665999215391,8.93204412182702,12.4792891965108,11.1344548361722,11.6348268756635
Real interest rate (%),FR.INR.RINR,Namibia,NAM,..,..,..,..,..,..,..,..,..,..,..,..,..,..,..,..,..,..,..,..,..,16.3948887532365,9.01839406204829,6.93978940033359,-2.82731648355417,11.0861064204573,3.45889197965361,12.1983092626765,11.4987189618057,10.9555485052224,3.59198976612099,2.99261659866415,3.48524798568704,13.2611617899083,9.16198618354989,4.74622108685375,1.62170083930847,3.29202100486969,2.50109853407178,3.90192460538988,5.77878966375203,4.7345080105914,-2.34444206494153,4.08437554196524,0.428951200749357
Real interest rate (%),FR.INR.RINR,Nepal,NPL,..,..,..,..,..,..,..,..,..,..,..,..,..,..,..,..,..,..,..,..,..,..,..,..,..,..,..,..,..,..,..,..,..,..,..,..,..,..,..,..,..,..,..,..,..
Real interest rate (%),FR.INR.RINR,Netherlands,NLD,..,..,..,..,..,..,..,..,..,..,..,..,..,..,..,..,..,..,..,..,..,..,..,..,..,..,..,..,..,2.13082362335442,1.47335236212653,0.598810256774822,0.0776295352313075,0.697957459038261,1.53417924963315,0.775883880764693,0.94080454967972,2.50343308994358,2.14027147572424,1.53893748369302,1.03239437643411,1.75309018612449,0.29198946071416,0.351053253772373,..
Real interest rate (%),FR.INR.RINR,New Caledonia,NCL,..,..,..,..,..,..,..,..,..,..,..,..,..,..,..,..,..,..,..,..,..,..,..,..,..,..,..,..,..,..,..,..,..,..,..,..,..,..,..,..,..,..,..,..,..
Real interest rate (%),FR.INR.RINR,New Zealand,NZL,..,..,..,..,..,..,..,..,..,..,..,..,..,..,..,..,..,..,..,..,..,..,..,..,..,..,..,..,7.85870211640595,6.42972451271358,4.79144543130933,3.5948864320687,6.85698540742286,4.82755856658049,4.22652471005878,5.64896991951072,5.33789397917863,3.13610198531721,6.03114691203804,3.91813906212928,3.00090695832905,3.54838795075054,6.01352181074188,1.2955107017154,5.33267299821282
Real interest rate (%),FR.INR.RINR,Nicaragua,NIC,..,..,..,..,..,..,..,..,..,..,..,..,..,..,..,..,..,..,628.319666268088,-88.4298365265692,-97.693477115506,-97.520076969941,-6.35239913758369,-3.18962071978906,-50.158770114526,2.54403570562554,6.70255849793022,6.76106022185088,3.21969269518934,7.64279225174915,8.82136626301531,10.547728097578,14.5734071916722,9.70097533554037,4.07198285540005,2.03360826290627,3.43742788367198,3.07051270266798,-2.60742160628677,7.55248088275307,6.76654373857286,0.293070763391071,5.41299610035698,10.1921703599583,4.74681215156456
Real interest rate (%),FR.INR.RINR,Niger,NER,..,..,..,..,..,..,..,..,..,..,..,..,..,..,..,..,..,..,..,..,..,..,..,..,..,..,..,..,..,..,..,..,..,..,..,2.03461304635928,3.19269998553228,-2.13477736036939,-4.67174281777422,0.755772673577094,1.58327097165246,1.23525214586231,-0.255604358333003,5.67763443695933,5.76740721438735
Real interest rate (%),FR.INR.RINR,Nigeria,NGA,-29.269517344324,5.57678872855367,3.99165847921535,1.569257786755,-25.666759402174,-13.9681618436229,-6.86748282764084,-4.25760452086348,-6.28956771104275,-2.99470821192688,-3.54741821482783,-65.8571487007244,-4.58618020930909,-8.02238643945311,4.34249262532726,2.34323057238794,4.31029224937487,-4.76964480981347,-2.96267648174824,-6.61241243899157,17.4662444414874,0.990847345407159,-14.987167988653,-7.05247465644158,-15.9202329748902,-31.452565499326,-5.26078413692007,12.12661188827,11.4846690572742,6.04724834411309,-1.1408886399525,12.1387024938542,3.0235422788932,9.93571338064823,-2.60484705691994,-1.59368048219881,-5.62796804844818,9.18717123000012,6.68490863394994,18.1800016718669,1.06773606467312,5.68557985915527,6.22480861375514,11.2016222248975,11.3562130249595
Real interest rate (%),FR.INR.RINR,North America,NAC,..,..,..,..,..,..,..,..,..,..,..,..,..,..,..,..,..,..,..,..,..,..,..,..,..,..,..,..,..,..,..,..,..,..,..,..,..,..,..,..,..,..,..,..,..
Real interest rate (%),FR.INR.RINR,Northern Mariana Islands,MNP,..,..,..,..,..,..,..,..,..,..,..,..,..,..,..,..,..,..,..,..,..,..,..,..,..,..,..,..,..,..,..,..,..,..,..,..,..,..,..,..,..,..,..,..,..
Real interest rate (%),FR.INR.RINR,Not classified,INX,..,..,..,..,..,..,..,..,..,..,..,..,..,..,..,..,..,..,..,..,..,..,..,..,..,..,..,..,..,..,..,..,..,..,..,..,..,..,..,..,..,..,..,..,..
Real interest rate (%),FR.INR.RINR,OECD members,OED,..,..,..,..,..,..,..,..,..,..,..,..,..,..,..,..,..,..,..,..,..,..,..,..,..,..,..,..,..,..,..,..,..,..,..,..,..,..,..,..,..,..,..,..,..
Real interest rate (%),FR.INR.RINR,Oman,OMN,..,..,..,..,..,..,..,..,..,..,..,..,..,..,15.8123735227963,10.8033168139029,38.4944133021002,-1.68882610812236,7.92648310473988,9.85225030192531,-22.7494903143367,19.7502362037949,7.9868744202827,15.0903159927385,8.87466688076219,7.39301977695996,1.75767606599361,11.6752375099938,23.3028987699578,-0.259593716406252,-6.29838736320732,14.9262280305334,3.94643678356486,-1.13581444513435,-4.05057515580795,-11.8701672014977,-6.34679636297475,-0.638442720555033,-19.4658625339234,43.1781374880598,-6.32458296829763,-8.07973379393509,2.21469423925791,7.91158154746331,3.40789682865649
Real interest rate (%),FR.INR.RINR,Other small states,OSS,..,..,..,..,..,..,..,..,..,..,..,..,..,..,..,..,..,..,..,..,..,..,..,..,..,..,..,..,..,..,..,..,..,..,..,..,..,..,..,..,..,..,..,..,..
Real interest rate (%),FR.INR.RINR,Pacific island small states,PSS,..,..,..,..,..,..,..,..,..,..,..,..,..,..,..,..,..,..,..,..,..,..,..,..,..,..,..,..,..,..,..,..,..,..,..,..,..,..,..,..,..,..,..,..,..
Real interest rate (%),FR.INR.RINR,Pakistan,PAK,..,..,..,..,..,..,..,..,..,..,..,..,..,..,..,..,..,..,..,..,..,..,..,..,..,..,..,..,..,..,..,..,..,..,0.0057407354215582,3.33053751114992,4.70752170437756,1.30244855391589,1.81694696282903,1.92469935448866,3.12315587247781,-1.7109984014482,3.27593378279305,4.2862667098525,4.2162526354002
Real interest rate (%),FR.INR.RINR,Palau,PLW,..,..,..,..,..,..,..,..,..,..,..,..,..,..,..,..,..,..,..,..,..,..,..,..,..,..,..,..,..,..,..,..,..,..,..,..,..,..,..,..,..,..,..,..,..
Real interest rate (%),FR.INR.RINR,Panama,PAN,..,..,..,..,..,..,..,..,..,..,..,..,..,..,..,..,..,..,..,..,..,..,..,..,..,..,20.2447821432624,9.31056435850642,10.0043518962123,9.7578466264372,12.1872245950495,9.40721418862471,8.50456309837867,8.71240491611992,6.05179220550872,6.87406420290149,6.36928369634704,5.77067067532015,0.399492813317981,1.21622906318255,4.64173274817565,1.92499233050184,1.32232361257744,1.17315484462442,2.14040740503636
Real interest rate (%),FR.INR.RINR,Papua New Guinea,PNG,..,..,..,..,..,..,..,..,..,..,..,..,..,-5.96378677698429,2.9792671419417,9.76334857182857,10.8295218118923,3.67695459553718,4.40734767404647,17.6114318791537,10.9286809529848,6.70450784720402,11.3322713756758,14.1361118943595,1.77795487715972,-2.33963428965613,11.2869494404942,1.86560265896151,2.75904166076235,7.04692270586388,3.92571797873366,8.69258793903992,1.42375015063624,7.40623929990042,15.5530804394784,-0.635761691143574,-31.1172422998082,6.79238387592348,-2.21086723553132,15.7415559435154,0.48097331163777,1.81485583975582,11.4555568045047,6.31649598133552,3.7353358045613
Real interest rate (%),FR.INR.RINR,Paraguay,PRY,..,..,..,..,..,..,..,..,..,..,..,..,..,..,..,..,..,..,..,..,..,..,..,..,25.2418126932055,25.3447323430857,22.8190778420894,27.7546785687275,16.3214523776525,21.8927380208542,14.2035386384804,16.4268997545601,22.6570046799308,37.0207819032744,24.0813135946872,19.134850825752,23.8660041047369,14.4583502460761,15.6831246484358,27.9872353879995,24.301762401239,11.7058473871612,11.7942698365486,14.3120851574043,17.8199443895401
Real interest rate (%),FR.INR.RINR,Peru,PER,..,..,..,..,..,..,..,..,..,..,..,..,..,..,..,-39.2726231069979,-19.1314401052488,-28.9588707566973,-62.7705568179385,-45.6462856028388,-31.4596767054871,61.1859416487963,46.6039379812489,32.6903399531435,22.6218775205124,19.8771271969869,19.9161647249909,22.0244648803872,25.866275291243,31.2063565505912,25.5698477470948,24.411950042159,20.6338458601459,18.8715495126426,17.308705204716,21.284368194887,15.1194989096292,21.0511674102817,22.323874594588,18.5944908019559,12.5494733748355,11.1780878633624,17.8200224863401,16.903308069059,12.994785090205
Real interest rate (%),FR.INR.RINR,Philippines,PHL,..,..,..,..,..,..,3.33738254438012,3.35268291436679,2.41764801910827,-0.818652926196514,-0.205360309937721,3.19451028666947,8.72255700634359,4.36741945542956,-16.1900973994378,9.86720638917521,14.2302828830368,5.43343904944188,5.61349900656119,9.32147632823192,9.88098210027373,5.73775233027661,10.7499250686686,7.37117861387287,4.5398803903546,6.54005215382213,6.64022027676353,9.42589084402762,5.77121291360418,5.11743894892767,4.8104932596846,6.42188422219399,4.70819992469216,6.08528504670798,3.95524739260692,4.03548972128812,4.4401194500866,5.35759701816081,1.46657832194707,5.67257824063165,3.16350898272397,2.64095050382798,3.61326895733707,3.63093412149458,2.39960024337773
Real interest rate (%),FR.INR.RINR,Poland,POL,..,..,..,..,..,..,..,..,..,..,..,..,..,..,..,..,..,..,..,..,..,..,..,..,..,..,..,..,..,..,..,..,..,..,..,..,..,..,..,..,..,..,..,..,..
Real interest rate (%),FR.INR.RINR,Puerto Rico (US),PRI,..,..,..,..,..,..,..,..,..,..,..,..,..,..,..,..,..,..,..,..,..,..,..,..,..,..,..,..,..,..,..,..,..,..,..,..,..,..,..,..,..,..,..,..,..
Real interest rate (%),FR.INR.RINR,Qatar,QAT,..,..,..,..,..,..,..,..,..,-15.2285343280082,-19.5359518667823,0.33751090413544,16.2622888608351,26.2692185950174,10.5522991982355,16.7774888528364,40.4580763220357,1.63629711063759,4.60045801182455,8.25078671942061,-0.184816347670907,15.1404307047691,8.36965853952531,13.0154977913789,7.14528325737822,2.25230566648883,..,..,..,..,..,..,..,..,-6.11969021542947,-18.3013168722464,-1.09043553056942,-3.19143165809332,-13.0638363628401,41.2529481378795,1.48559796210682,-11.8741237559613,-0.892305470429071,4.31210615933431,6.54371044408067
Real interest rate (%),FR.INR.RINR,Romania,ROU,..,..,..,..,..,..,..,..,..,..,..,..,..,..,..,..,..,..,..,..,..,..,..,-43.0507103466055,-20.3459037669125,4.71272825916806,7.72977283272316,-26.6906716511495,4.84839516944536,10.7804562206084,7.45156589527913,5.39568237207382,10.357989375454,1.85276834167124,8.79629617167316,6.77979401796877,3.05143448896311,-2.13087077084906,-0.884850923821751,12.6652151658549,7.68453304401845,7.83299754096995,7.24295337975638,9.00236757143017,6.63787782811327
Real interest rate (%),FR.INR.RINR,Rwanda,RWA,..,..,..,..,..,..,..,..,..,..,..,..,..,..,..,..,..,..,..,..,..,..,..,..,..,..,6.61226466659162,0.945756224616623,13.1944668235963,4.6941833204236,12.7898510202833,16.8127610440375,22.6248575445037,-3.62974030697583,4.40397445771242,6.18940676674981,13.0821982389837,2.71226575600117,1.57061665663763,8.93689763112299,13.3869922357649,8.84027616090931,11.4386055799392,14.2462823994154,11.9607651018481
Real interest rate (%),FR.INR.RINR,Samoa,WSM,..,..,..,..,..,..,..,..,..,..,..,..,..,..,..,..,..,..,..,..,..,..,..,..,..,..,..,..,..,..,..,7.93595960342519,9.81902742755991,8.51719312456674,3.88340999544769,7.14684078660197,6.12454095170627,4.80249955932429,3.2450642672478,10.2330929055009,16.7266894490841,10.9721914663177,5.60773084163378,7.67447772362735,9.08438667412642
Real interest rate (%),FR.INR.RINR,San Marino,SMR,..,..,..,..,..,..,..,..,..,..,..,..,..,..,..,..,..,..,..,..,..,..,..,..,..,..,..,..,..,..,..,5.25446817333611,5.43354491416219,4.91516080000574,5.02555920300189,5.41677960057061,4.60461275476661,9.74713782696176,4.92116432068544,4.69619007577433,3.89641170579727,5.75850760708114,3.255870775973,4.5314181007046,5.69907157808861
Real interest rate (%),FR.INR.RINR,Sao Tome and Principe,STP,..,..,..,..,..,..,..,..,..,..,..,..,..,..,..,..,..,..,..,..,..,..,..,..,..,..,..,..,..,..,..,27.8170207148015,23.2272770603297,13.8354095180784,13.0013443500073,10.1645326949413,14.0966258420469,20.800073962812,2.77246065203271,15.0543926204021,20.4829446153416,13.6722774884172,20.3697629173355,15.6443763164633,17.7325784601536
Real interest rate (%),FR.INR.RINR,Saudi Arabia,SAU,..,..,..,..,..,..,..,..,..,..,..,..,..,..,..,..,..,..,..,..,..,..,..,..,..,..,..,..,..,..,..,..,..,..,..,..,..,..,..,..,..,..,..,..,..
Real interest rate (%),FR.INR.RINR,Senegal,SEN,..,..,..,..,..,..,..,..,..,..,..,..,..,..,..,..,..,..,..,..,..,..,..,..,..,..,..,..,..,..,..,..,..,..,..,2.22332732513481,1.79925724091591,-1.72348998541049,-2.9869518860136,6.78107363941052,3.45350890101026,1.34650524218175,1.7090973367486,4.05329219626871,6.95969224016425
Real interest rate (%),FR.INR.RINR,Serbia,SRB,..,..,..,..,..,..,..,..,..,..,..,..,..,..,..,..,..,..,..,..,..,..,..,..,..,..,..,0.976010781880038,-6.76416486044669,-19.8048588217355,-0.289231056562629,-24.6006317373923,-13.284827262201,-8.8342114842979,-4.32328213710444,-9.11898776085567,-7.66309734779764,-4.0781819072808,-3.16572572269858,-1.44446465861948,-0.182390992803134,..,..,..,..
Real interest rate (%),FR.INR.RINR,Seychelles,SYC,..,..,..,..,..,..,..,..,..,..,..,..,..,..,..,..,..,..,..,13.1023749325863,8.72173266383524,17.9864820292498,10.4091522748275,12.3121696499378,12.7227135283464,18.2112706798134,23.7395271618991,13.8847341194648,3.52387631137703,8.93040200539809,9.36777543838295,4.20941635223287,6.73116415705108,4.40696526702378,-11.77667823764,9.26788153726261,8.48523589021172,-0.167198865482365,-15.2498348420001,-10.0128845071919,15.1433555494509,10.018913655974,1.58814290435949,6.29173455144144,4.89712416656968
Real interest rate (%),FR.INR.RINR,Sierra Leone,SLE,10.3643789048558,16.0410911129792,1.93452236139144,-12.3555875832864,-5.39660837440901,-0.338765999368125,0.661053287896438,-7.30446153114593,-10.3755590157422,-0.4803225970695,18.0961001029153,5.79741085373854,-2.95491918934375,-1.83269854357139,-15.5739325618761,-30.7240195856616,-34.3501385580403,-51.6172502682879,-22.0881555178205,-19.7067070692995,-10.6051841051305,-31.6974726618035,-10.5427254343523,18.7176112495352,1.81613032742758,-3.56641222377758,1.96172582180798,21.1385294542178,0.0470287844604128,8.22524515555819,22.2391610621372,-53.6416318640629,27.1697353429059,6.0092345188854,8.20452895821371,6.83232335242084,-1.61593859436763,15.5971121120359,12.9304090681647,14.8809281715439,1.78544856072434,4.90490445164439,6.03843344025308,13.4613433470703,2.90125082818672
Real interest rate (%),FR.INR.RINR,Singapore,SGP,..,..,..,..,..,..,..,..,3.00659809184525,3.10535502771378,0.535024861885242,7.33834685904032,5.44840408740267,5.6986639940735,8.86142577259433,9.67138303115199,8.17523643960664,5.53808574250598,0.505967656368054,1.97053814758967,2.54550361450616,3.01429378749089,4.50231813395858,1.86759885390403,2.33474747945626,3.09459539508003,4.68323720072943,5.18129117579026,8.88863167475906,9.72580242623378,1.89658180389967,7.60067410678851,6.29924790489969,7.23589278336476,1.28941695213109,3.33607855433956,3.40551309237873,-0.554042740231563,6.85627872280123,2.35646709404947,4.22538213508497,4.16049084438408,4.86057756338297,5.83621695317835,5.63232355514565
Real interest rate (%),FR.INR.RINR,Sint Maarten (Dutch part),SXM,..,..,..,..,..,..,..,..,..,..,..,..,..,..,..,..,..,..,..,..,..,..,..,..,..,..,..,..,..,..,..,..,..,..,..,..,..,..,..,..,..,..,..,..,..
Real interest rate (%),FR.INR.RINR,Slovenia,SVN,..,..,..,..,..,..,..,..,..,..,..,..,..,..,..,..,..,..,..,..,..,..,..,..,..,..,..,..,..,..,..,..,..,..,..,..,..,..,..,..,..,..,..,..,..
Real interest rate (%),FR.INR.RINR,Small states,SST,..,..,..,..,..,..,..,..,..,..,..,..,..,..,..,..,..,..,..,..,..,..,..,..,..,..,..,..,..,..,..,..,..,..,..,..,..,..,..,..,..,..,..,..,..
Real interest rate (%),FR.INR.RINR,Solomon Islands,SLB,..,..,..,..,..,..,..,..,..,..,..,-3.66287900564561,-2.13663325229232,4.25420698655498,0.971565105722369,3.12966766498001,9.54065069978693,5.23710955900549,1.01697961363807,14.0607526644815,-12.010518865227,11.387553916713,3.00948753754093,-1.04850549348882,-10.502887515238,4.52915300182624,2.99205196092644,5.70965265437124,2.56162771424951,5.91326893616106,4.52284187381665,0.084614949458769,-1.14945530152079,-12.6196140312007,6.01189733371023,-1.3121828748754,-0.161251153003704,-1.18373967056518,1.47556719860378,5.04791551778151,12.4707955709345,8.32323985735787,6.33158473720289,8.22871384293824,6.98276892733726
Real interest rate (%),FR.INR.RINR,"Somalia, Fed. Rep.",SOM,..,..,..,..,..,-7.18833403932421,-8.75723979647239,-3.05343374079794,-4.72746177369406,-7.06882905314036,-43.3016941932529,-8.09755494536823,-13.1843110351987,-17.9313772289658,-34.735130109747,-7.04441212756811,-13.2870967174288,-5.94121827462636,-18.4622843479864,..,..,..,..,..,..,..,..,..,..,..,..,..,..,..,..,..,..,..,..,..,..,..,..,..,..
Real interest rate (%),FR.INR.RINR,South Africa,ZAF,3.32038734416104,2.72683239437521,-1.74296022958179,-7.79257893924746,-4.05071982393649,0.763317780794132,1.77530130523867,2.0348155177755,1.45165582025523,-3.47638137258392,-11.00901069391,2.32802852986955,4.17243358667393,-0.343774615182181,10.0609392633633,4.61121837055306,-1.99176655710082,-2.04446707410394,-0.0758087440880627,2.35021610085897,4.81141525707442,4.02749326213876,3.65413735758885,2.46468782587437,5.25546972667239,6.36739524038957,10.6448093668748,10.9698989159021,12.6910336213851,10.3950669798212,4.87058238653657,5.53834143339364,2.85418551575979,8.04784838936572,4.95038435886218,4.76148920296545,4.81030227960517,4.54604566856022,6.74515150291692,2.80250897674709,3.49095978979672,3.27930122317635,3.88287299810937,2.50924549715633,3.56702763012509
Real interest rate (%),FR.INR.RINR,South Asia,SAS,..,..,..,..,..,..,..,..,..,..,..,..,..,..,..,..,..,..,..,..,..,..,..,..,..,..,..,..,..,..,..,..,..,..,..,..,..,..,..,..,..,..,..,..,..
Real interest rate (%),FR.INR.RINR,South Sudan,SSD,..,..,..,..,..,..,..,..,..,..,..,..,..,..,..,..,..,..,..,..,..,..,..,..,..,..,..,..,..,..,..,..,..,..,..,..,..,..,..,..,..,..,-23.5358140539176,-16.810250338827,61.8826038964822
Real interest rate (%),FR.INR.RINR,Spain,ESP,..,..,..,..,..,..,..,..,..,..,..,..,..,..,..,..,..,..,..,..,..,..,..,..,..,..,..,..,..,..,..,..,..,..,..,..,..,..,..,..,..,..,..,..,..
Real interest rate (%),FR.INR.RINR,Sri Lanka,LKA,..,..,..,..,..,..,..,..,..,..,..,..,..,..,..,..,..,..,..,..,..,..,..,..,..,..,..,..,..,..,..,0.514847020995709,4.67658524491004,1.46867912780351,0.611364964122661,0.312845406913684,1.41356267376407,2.67321360043593,2.20469047473136,9.2480117913198,-13.1700417406869,5.22391262518773,2.55187233901227,5.83555736921369,5.80537155798334
Real interest rate (%),FR.INR.RINR,St. Kitts and Nevis,KNA,..,..,..,..,..,..,..,..,..,..,0.717769745281881,-6.72145134793551,2.6177025619922,8.74661792627496,5.01192714660618,7.01325600186085,4.8813959199203,4.97090269204333,3.7141685449143,5.38534730107708,3.51070660467459,7.59784645625804,5.19159798742807,8.12666035105916,4.39598490652856,10.0290900945034,10.2131380986895,5.9569066489564,8.38695837685433,8.20049685167025,17.8836527184862,7.4933740944118,7.16793867781529,10.3738355839546,6.17620404269224,11.8511585394243,-4.2635096165767,2.77807636590855,7.24857550982768,5.51338523950662,7.9383643006306,3.58266781442372,9.43815908347907,8.43596849272624,7.98464363062516
Real interest rate (%),FR.INR.RINR,St. Lucia,LCA,..,..,..,..,..,..,..,..,..,..,..,5.91310330922974,23.1112553761029,11.049262372245,-4.14422413045173,9.86814335575334,9.83381522472326,5.57319026121972,10.4969676941973,6.35040481785831,2.68131793256323,6.08979213395639,10.8754692311529,10.7022254704084,8.26774627068161,7.25036308329824,12.302652910524,9.53408905952096,8.76067737017553,10.220547076481,11.8152844680971,14.0128257051618,12.1258633501985,9.28749797143212,10.2897812665614,3.46910600035113,5.33239730059446,6.30461431177877,7.36560346048221,10.2309953644875,4.92656092856866,8.47001457017725,7.33918544889901,3.08058362112042,4.83887618706465
Real interest rate (%),FR.INR.RINR,St. Martin (French part),MAF,..,..,..,..,..,..,..,..,..,..,..,..,..,..,..,..,..,..,..,..,..,..,..,..,..,..,..,..,..,..,..,..,..,..,..,..,..,..,..,..,..,..,..,..,..
Real interest rate (%),FR.INR.RINR,St. Vincent and the Grenadines,VCT,..,..,..,..,..,..,..,..,..,..,-3.61323341947686,-8.05350434696402,2.16534481831202,4.09210849607066,6.89258596241051,9.10727270820786,6.3368073035097,2.324709073252,10.5603998190671,5.41226398280898,3.79183048253464,6.06593008054394,8.54476215462036,13.2756916982839,9.146101595186,9.6279068560161,7.39616243286427,9.79858529211742,7.84421902137501,9.55543547588855,3.43607105955498,5.18936807816217,11.3323085748559,14.3170551321309,5.73065828611084,6.49203912479022,5.8141490384009,2.13011015150533,7.10583527375841,10.4500063711068,3.40142070746745,9.48553232710216,8.2317157145835,7.03975596196512,9.52029134884415
Real interest rate (%),FR.INR.RINR,Sub-Saharan Africa,SSF,..,..,..,..,..,..,..,..,..,..,..,..,..,..,..,..,..,..,..,..,..,..,..,..,..,..,..,..,..,..,..,..,..,..,..,..,..,..,..,..,..,..,..,..,..
Real interest rate (%),FR.INR.RINR,Sub-Saharan Africa (excluding high income),SSA,..,..,..,..,..,..,..,..,..,..,..,..,..,..,..,..,..,..,..,..,..,..,..,..,..,..,..,..,..,..,..,..,..,..,..,..,..,..,..,..,..,..,..,..,..
Real interest rate (%),FR.INR.RINR,Sudan,SDN,..,..,..,..,..,..,..,..,..,..,..,..,..,..,..,..,..,..,..,..,..,..,..,..,..,..,..,..,..,..,..,..,..,..,..,..,..,..,..,..,..,..,..,..,..
Real interest rate (%),FR.INR.RINR,Suriname,SUR,..,..,..,..,..,..,..,..,..,..,..,..,..,..,..,..,..,..,..,..,-27.4890678406029,-3.06009338473105,-19.2543587507556,-57.5263453677236,-78.5653399113303,-62.754195686381,21.489007488808,31.190409162037,8.41501492777421,-26.7846945999693,-19.7475825715864,-9.89407700981861,-11.1091919583685,-0.227758122513367,6.73863741041776,1.60999747937889,-16.8261723542529,6.89823963534924,-2.87492239735718,4.85180307175705,4.09900197173047,-1.82998633360082,0.908894422312221,11.5552221319596,10.532838957218
Real interest rate (%),FR.INR.RINR,Eswatini,SWZ,..,..,..,..,..,6.27198354555699,-2.70341715382959,0.0487792688278326,-0.0730751264502652,-3.37862743215562,1.19255866289883,7.47718066385659,1.90599099850016,11.2310715300727,8.34499571345502,13.8107280271224,0.321220230959773,10.6368161732591,-8.8488240135729,11.2787768249752,-12.1830875205443,6.65477686496429,4.25636954205463,-2.59300837904342,2.95535835179903,0.347010478228045,10.2006505748613,7.3242356187184,11.2608266743839,11.4326667782877,-6.85597496205764,4.54928315622834,5.63469239607446,8.27160299374849,7.10871400720548,4.20066562206563,7.35710117439768,7.58214123508388,4.10805404758412,1.10032841252271,6.61543065324206,3.34055508625505,-0.409171349306797,2.1580910700119,2.73086149979964
Real interest rate (%),FR.INR.RINR,Switzerland,CHE,..,..,..,..,..,..,..,..,..,..,..,..,..,..,..,..,..,..,..,..,..,..,..,..,..,..,..,..,..,..,..,..,..,..,..,..,..,..,1.86552320649218,2.2828444468121,2.41305009083123,2.73934663988563,2.62294174433531,2.77842211187275,3.36510222766569
Real interest rate (%),FR.INR.RINR,Syrian Arab Republic,SYR,..,..,..,..,..,..,..,..,..,..,..,..,..,..,..,..,..,..,..,..,..,..,..,..,..,..,..,..,..,..,..,..,..,..,..,..,..,..,..,..,..,..,..,..,..
Real interest rate (%),FR.INR.RINR,Tajikistan,TJK,..,..,..,..,..,..,..,..,..,..,..,..,..,..,..,..,..,..,..,..,..,..,..,..,..,..,..,..,..,..,..,..,-3.87887629740887,-8.15046296202619,2.45507802874919,12.5741937374914,2.55451745444762,-3.36220546540617,-3.56503833011034,9.35520128155154,9.72594138073503,8.06297203407717,8.24612510137313,19.9754473269452,18.8653286469212
Real interest rate (%),FR.INR.RINR,Tanzania,TZA,..,..,..,..,..,..,..,..,..,..,..,..,..,..,..,..,..,..,..,..,..,..,1.58355399739277,2.32913142436849,2.47906227762907,8.62600723892256,12.2796875650025,4.71257839785652,7.59081240798158,9.28291793674511,12.3625316450654,14.5410020183044,8.54700274679886,5.62474851993463,6.78734531634907,8.29001316534224,9.61235270450994,6.3895651962267,-1.20176222947434,5.49223043385646,4.67468740278379,2.464304206777,4.59141372169781,5.64864168084363,9.65573386813088
Real interest rate (%),FR.INR.RINR,Thailand,THA,..,..,..,..,..,..,6.2629321085442,4.60420553124248,1.16865713358642,3.96956412578021,3.05525704276095,8.15328341757778,11.3275477872505,11.1522159607438,15.1248129759168,13.6098172480567,11.531215788535,6.51092811687812,5.34839741634141,5.77972592684466,8.17171642898053,9.12494255783144,7.34632900127856,4.39100680690757,5.94526176247366,7.10208727359962,8.93166038026805,8.83409476385564,5.87889882998788,11.8617924582346,6.41687160709718,5.25258115113859,..,..,0.949922531687858,-0.354173197273536,1.11279460175694,3.48698568702785,0.654506894891978,4.57231980497401,0.243128638611464,1.2766820317925,3.21675712469183,3.22433498210821,3.45784317114814
Real interest rate (%),FR.INR.RINR,Timor-Leste,TLS,..,..,..,..,..,..,..,..,..,..,..,..,..,..,..,..,..,..,..,..,..,..,..,..,..,..,..,..,..,..,..,..,..,..,..,..,..,..,..,..,..,-0.46742368054435,5.69926052931063,-3.62525355375105,13.6944240129996
Real interest rate (%),FR.INR.RINR,Togo,TGO,..,..,..,..,..,..,..,..,..,..,..,..,..,..,..,..,..,..,..,..,..,..,..,..,..,..,..,..,..,..,..,..,..,..,..,2.71985272969826,5.27225318540164,-0.202055170376248,-3.74980031782193,1.804021576419,5.21151497265106,2.36951484385564,3.23221628610636,3.54454457364396,4.83525153938626
Real interest rate (%),FR.INR.RINR,Tonga,TON,..,..,..,..,..,..,..,..,..,..,..,..,..,..,..,..,..,..,..,..,..,..,..,..,..,..,..,..,..,..,..,..,..,..,..,..,..,..,..,..,..,..,5.41099056911256,11.9183091003653,8.59924321293883
Real interest rate (%),FR.INR.RINR,Trinidad and Tobago,TTO,..,..,..,..,..,..,..,..,..,-12.5958120914421,-10.3775037062106,3.88005292648523,-0.590170570662764,5.06341605665318,6.35718130812135,11.3099304610881,13.4173414778037,6.33968435686956,8.08902270252575,5.71772754999779,-2.26765231641426,11.4180715014814,23.9009040137204,6.14659062527688,2.39376429703458,10.5572179834026,13.6889405947771,19.5703910137175,19.5528120152647,12.2129398478866,3.97779499579407,12.5228375094763,18.6395676414552,0.622840512635647,0.393330894931759,-3.72150193385783,9.03210307148484,-0.888544431909194,-9.17262279754077,54.6777282052185,-3.06106094642406,-6.70574309512339,7.33818556695434,5.40895175825991,8.55660517548072
Real interest rate (%),FR.INR.RINR,Tunisia,TUN,..,..,..,..,..,..,..,..,..,..,..,..,..,..,..,..,..,..,..,..,..,..,..,..,..,..,..,..,..,..,..,..,..,..,..,..,..,..,..,..,..,..,..,..,..
Real interest rate (%),FR.INR.RINR,Turkmenistan,TKM,..,..,..,..,..,..,..,..,..,..,..,..,..,..,..,..,..,..,..,..,..,..,..,..,..,..,..,..,..,..,..,..,..,..,..,..,..,..,..,..,..,..,..,..,..
Real interest rate (%),FR.INR.RINR,Turks and Caicos Islands,TCA,..,..,..,..,..,..,..,..,..,..,..,..,..,..,..,..,..,..,..,..,..,..,..,..,..,..,..,..,..,..,..,..,..,..,..,..,..,..,..,..,..,..,..,..,..
Real interest rate (%),FR.INR.RINR,Tuvalu,TUV,..,..,..,..,..,..,..,..,..,..,..,..,..,..,..,..,..,..,..,..,..,..,..,..,..,..,..,..,..,..,..,..,..,..,..,..,..,..,..,..,..,..,..,..,..
Real interest rate (%),FR.INR.RINR,Uganda,UGA,..,..,..,..,..,..,..,..,..,..,..,..,..,-20.4035283584285,-2.68217474816114,-43.7223013997365,-43.8078044638532,-52.0738746677448,-53.444280822575,-35.018740214028,-3.95720976393387,6.66352496955188,-4.10629276197428,..,13.0219188749714,9.86141311306233,15.0342472430885,17.7268705699556,11.1006860778351,21.6868316492978,10.6216142695141,17.3344956748948,22.9955928360462,10.3290387321641,4.33924393856924,21.7655522885928,15.9090043564186,10.9806235436646,13.2429702962502,-34.7434429588376,13.7612146491897,11.3734989307615,21.4880791448606,19.0146300185037,15.6773841196638
Real interest rate (%),FR.INR.RINR,Ukraine,UKR,..,..,..,..,..,..,..,..,..,..,..,..,..,..,..,..,..,..,..,..,..,..,-90.5953895690587,-91.7214816284213,-66.7345983429954,-56.8251776566729,8.26845049497662,26.2910759245072,37.9286524289287,21.6268360560101,11.0014569626244,20.0334624721958,19.0926391889736,8.99608127369122,1.81291767240014,-6.38367731879631,0.275719908852206,-7.28020736362096,-8.93474204549135,7.31013899639914,1.93111737385511,1.54605607669365,9.64012656225918,11.8306483626893,1.56710691487677
Real interest rate (%),FR.INR.RINR,United Arab Emirates,ARE,..,..,..,..,..,..,..,..,..,..,..,..,..,..,..,..,..,..,..,..,..,..,..,..,..,..,..,..,..,..,..,..,..,..,..,..,..,..,..,..,..,..,..,..,..
Real interest rate (%),FR.INR.RINR,Upper middle income,UMC,..,..,..,..,..,..,..,..,..,..,..,..,..,..,..,..,..,..,..,..,..,..,..,..,..,..,..,..,..,..,..,..,..,..,..,..,..,..,..,..,..,..,..,..,..
Real interest rate (%),FR.INR.RINR,Uruguay,URY,..,..,..,..,..,..,8.44897721916268,4.21091766451468,17.1076345818045,-8.7428469646559,6.33444030326733,24.4974260274761,32.6477759333606,24.0862946248018,15.5559152709098,10.1453663474247,12.1978712860731,11.6139600000258,13.6027532931637,27.019935205719,30.0929945522835,23.5892117071898,34.1540388503464,31.4404148110329,38.2846468009618,38.9945400827513,49.2501611683981,32.837043725537,38.9362063412469,45.9691944128567,42.4969239585893,43.2064213627233,93.9150781315781,36.3812989440391,12.3282787037608,12.8445855762339,1.7089111284159,-1.24667058477178,3.25541429163842,6.1387842275117,4.33049768870304,-0.0851869359373854,1.63260408891415,3.15123121935891,4.82076932063265
Real interest rate (%),FR.INR.RINR,Uzbekistan,UZB,..,..,..,..,..,..,..,..,..,..,..,..,..,..,..,..,..,..,..,..,..,..,..,..,..,..,..,..,..,..,..,..,..,..,..,..,..,..,..,..,..,..,..,3.76261702380835,1.72351323751429
Real interest rate (%),FR.INR.RINR,Vanuatu,VUT,..,..,..,..,..,..,..,..,..,..,..,..,..,..,..,..,..,..,..,..,..,..,..,..,..,..,..,..,..,..,..,..,..,..,..,..,..,..,..,..,..,..,..,7.32099124176809,8.10101697321153
Real interest rate (%),FR.INR.RINR,Viet Nam,VNM,..,..,..,..,..,..,..,..,..,..,..,..,..,..,..,..,..,..,..,..,..,..,..,12.5772078193359,..,..,10.4908666421004,7.33532106237832,5.11047870740324,6.58752234054448,6.9057666506376,6.62403546630217,4.16693712269503,2.21305791691824,1.18892233628232,-6.55288740331808,2.40151725937125,1.41363787147666,-5.6163352886234,3.62788141186044,-20.4970819101768,-3.67326480415152,4.02832802666538,6.08970870368918,4.78973116512498
Real interest rate (%),FR.INR.RINR,Virgin Islands (U.S.),VIR,..,..,..,..,..,..,..,..,..,..,..,..,..,..,..,..,..,..,..,..,..,..,..,..,..,..,..,..,..,..,..,..,..,..,..,..,..,..,..,..,..,..,..,..,..
Real interest rate (%),FR.INR.RINR,West Bank and Gaza,PSE,..,..,..,..,..,..,..,..,..,..,..,..,..,..,..,..,..,..,..,..,..,..,..,..,..,..,..,..,..,..,..,..,..,..,12.756366559712,7.27469046188473,2.21492338698343,3.06123766662527,-8.39329411334679,4.25610648353702,-6.06253496194225,1.29651407870956,3.98603685527007,1.68103260351344,2.63940419367075
Real interest rate (%),FR.INR.RINR,World,WLD,..,..,..,..,..,..,..,..,..,..,..,..,..,..,..,..,..,..,..,..,..,..,..,..,..,..,..,..,..,..,..,..,..,..,..,..,..,..,..,..,..,..,..,..,..
Real interest rate (%),FR.INR.RINR,"Yemen, Rep.",YEM,..,..,..,..,..,..,..,..,..,..,..,..,..,..,..,..,..,..,..,..,..,..,..,..,..,..,-3.88980366925062,8.14382015249504,28.8771592096907,-7.02645617628047,-3.08431862863075,14.3572339769979,8.27550108571082,6.40951122422722,3.84414370907284,-0.449960737491968,3.883621145591,6.41340762882513,-1.97523737577545,29.2517103958068,0.174627011628769,5.83025953972386,17.5713344205015,11.7887549277275,..
Real interest rate (%),FR.INR.RINR,Zambia,ZMB,..,..,..,..,..,..,..,..,-3.93275593749377,-10.5060560121595,-2.02474643446923,2.18496843119175,3.16698982878609,-4.74532358554098,-3.20250628236619,-15.9666101332611,-29.9982689494611,-25.1937131971982,-11.9713495440983,-34.546802021159,-34.5390408369169,-25.7738895541915,-41.7902439781861,-12.4559693371288,-5.63447019509948,11.424913920026,23.670485757671,16.9766299739538,12.7393085006183,19.1587954269473,4.6647680701877,16.6774634895963,21.6156242816087,19.5253414742067,9.19693364690934,9.90908518429273,7.51782024205524,5.24087063421901,7.61379538117008,15.6336334619814,6.11294221169531,6.95655957659878,4.82147742594943,-0.191430038192798,5.81636783051129
Real interest rate (%),FR.INR.RINR,Zimbabwe,ZWE,..,..,..,..,..,..,..,..,..,..,..,..,..,..,..,..,..,..,..,..,..,..,..,..,..,..,..,..,..,..,..,..,..,..,..,..,..,..,..,..,..,..,7.27464858446583,0.337314876571312,9.74402156755415
,,,,,,,,,,,,,,,,,,,,,,,,,,,,,,,,,,,,,,,,,,,,,,,,
,,,,,,,,,,,,,,,,,,,,,,,,,,,,,,,,,,,,,,,,,,,,,,,,
,,,,,,,,,,,,,,,,,,,,,,,,,,,,,,,,,,,,,,,,,,,,,,,,
Data from database: World Development Indicators,,,,,,,,,,,,,,,,,,,,,,,,,,,,,,,,,,,,,,,,,,,,,,,,
Last Updated: 04/08/2026,,,,,,,,,,,,,,,,,,,,,,,,,,,,,,,,,,,,,,,,,,,,,,,,
